position_id,symbol,direction,quantity,entry_price,entry_time,exit_price,exit_time,is_open,pnl,realized_pnl,unrealized_pnl,exit_reason,stop_loss,take_profit,order_id
GBPUSD_20240102110000_SHORT,GBPUSD,SHORT,1.0,1.26838,2024-01-02 11:00:00,1.26289,2024-01-03 12:00:00,False,0.005489999999999995,0.005489999999999995,0.0,TRADE,,,
GBPUSD_20240103130000_SHORT,GBPUSD,SHORT,1.0,1.26245,2024-01-03 13:00:00,1.26702,2024-01-04 14:00:00,False,-0.004569999999999963,-0.004569999999999963,0.0,TRADE,,,
GBPUSD_20240104150000_SHORT,GBPUSD,SHORT,1.0,1.26937,2024-01-04 15:00:00,1.27419,2024-01-05 16:00:00,False,-0.004819999999999824,-0.004819999999999824,0.0,TRADE,,,
GBPUSD_20240105170000_SHORT,GBPUSD,SHORT,1.0,1.2731,2024-01-05 17:00:00,1.271,2024-01-08 03:00:00,False,0.0020999999999999908,0.0020999999999999908,0.0,TRADE,,,
GBPUSD_20240108040000_LONG,GBPUSD,LONG,1.0,1.27002,2024-01-08 04:00:00,1.27042,2024-01-08 12:00:00,False,0.000400000000000178,0.000400000000000178,0.0,TRADE,,,
GBPUSD_20240108130000_SHORT,GBPUSD,SHORT,1.0,1.271,2024-01-08 13:00:00,1.27215,2024-01-09 14:00:00,False,-0.0011499999999999844,-0.0011499999999999844,0.0,TRADE,,,
GBPUSD_20240109150000_SHORT,GBPUSD,SHORT,1.0,1.27161,2024-01-09 15:00:00,1.2736,2024-01-10 16:00:00,False,-0.0019900000000001583,-0.0019900000000001583,0.0,TRADE,,,
GBPUSD_20240110170000_SHORT,GBPUSD,SHORT,1.0,1.27282,2024-01-10 17:00:00,1.27276,2024-01-11 18:00:00,False,6.000000000017103e-05,6.000000000017103e-05,0.0,TRADE,,,
GBPUSD_20240111190000_SHORT,GBPUSD,SHORT,1.0,1.27537,2024-01-11 19:00:00,1.2748,2024-01-12 20:00:00,False,0.0005699999999999594,0.0005699999999999594,0.0,TRADE,,,
GBPUSD_20240112210000_SHORT,GBPUSD,SHORT,1.0,1.27462,2024-01-12 21:00:00,1.27276,2024-01-15 21:00:00,False,0.0018600000000001948,0.0018600000000001948,0.0,TRADE,,,
GBPUSD_20240116070000_SHORT,GBPUSD,SHORT,1.0,1.26747,2024-01-16 07:00:00,1.26648,2024-01-17 08:00:00,False,0.0009900000000000464,0.0009900000000000464,0.0,TRADE,,,
GBPUSD_20240117090000_SHORT,GBPUSD,SHORT,1.0,1.26473,2024-01-17 09:00:00,1.26822,2024-01-18 10:00:00,False,-0.003489999999999993,-0.003489999999999993,0.0,TRADE,,,
GBPUSD_20240118110000_SHORT,GBPUSD,SHORT,1.0,1.269,2024-01-18 11:00:00,1.26797,2024-01-19 12:00:00,False,0.0010299999999998644,0.0010299999999998644,0.0,TRADE,,,
GBPUSD_20240119130000_SHORT,GBPUSD,SHORT,1.0,1.2678,2024-01-19 13:00:00,1.27192,2024-01-22 14:00:00,False,-0.0041199999999999015,-0.0041199999999999015,0.0,TRADE,,,
GBPUSD_20240122150000_SHORT,GBPUSD,SHORT,1.0,1.27202,2024-01-22 15:00:00,1.2673,2024-01-23 16:00:00,False,0.0047199999999998354,0.0047199999999998354,0.0,TRADE,,,
GBPUSD_20240123170000_SHORT,GBPUSD,SHORT,1.0,1.26537,2024-01-23 17:00:00,1.27392,2024-01-24 18:00:00,False,-0.008549999999999836,-0.008549999999999836,0.0,TRADE,,,
GBPUSD_20240124190000_SHORT,GBPUSD,SHORT,1.0,1.27263,2024-01-24 19:00:00,1.26999,2024-01-25 20:00:00,False,0.0026399999999999757,0.0026399999999999757,0.0,TRADE,,,
GBPUSD_20240125210000_SHORT,GBPUSD,SHORT,1.0,1.27059,2024-01-25 21:00:00,1.2699,2024-01-28 22:00:00,False,0.0006900000000000794,0.0006900000000000794,0.0,TRADE,,,
GBPUSD_20240129050000_LONG,GBPUSD,LONG,1.0,1.27076,2024-01-29 05:00:00,1.27031,2024-01-29 10:00:00,False,-0.0004499999999998394,-0.0004499999999998394,0.0,TRADE,,,
GBPUSD_20240129110000_SHORT,GBPUSD,SHORT,1.0,1.27093,2024-01-29 11:00:00,1.26791,2024-01-30 12:00:00,False,0.0030199999999998006,0.0030199999999998006,0.0,TRADE,,,
GBPUSD_20240130130000_SHORT,GBPUSD,SHORT,1.0,1.2667,2024-01-30 13:00:00,1.27042,2024-01-31 14:00:00,False,-0.0037200000000001676,-0.0037200000000001676,0.0,TRADE,,,
GBPUSD_20240131150000_SHORT,GBPUSD,SHORT,1.0,1.27391,2024-01-31 15:00:00,1.26961,2024-02-01 16:00:00,False,0.0043000000000001926,0.0043000000000001926,0.0,TRADE,,,
GBPUSD_20240201170000_SHORT,GBPUSD,SHORT,1.0,1.27307,2024-02-01 17:00:00,1.26162,2024-02-02 18:00:00,False,0.01144999999999996,0.01144999999999996,0.0,TRADE,,,
GBPUSD_20240202190000_SHORT,GBPUSD,SHORT,1.0,1.26248,2024-02-02 19:00:00,1.25317,2024-02-05 17:00:00,False,0.009310000000000151,0.009310000000000151,0.0,TRADE,,,
GBPUSD_20240205180000_LONG,GBPUSD,LONG,1.0,1.25371,2024-02-05 18:00:00,1.25995,2024-02-06 19:00:00,False,0.006239999999999801,0.006239999999999801,0.0,TRADE,,,
GBPUSD_20240207010000_SHORT,GBPUSD,SHORT,1.0,1.26043,2024-02-07 01:00:00,1.26036,2024-02-07 05:00:00,False,7.00000000000145e-05,7.00000000000145e-05,0.0,TRADE,,,
GBPUSD_20240207060000_LONG,GBPUSD,LONG,1.0,1.26056,2024-02-07 06:00:00,1.26303,2024-02-08 07:00:00,False,0.0024700000000001943,0.0024700000000001943,0.0,TRADE,,,
GBPUSD_20240208080000_LONG,GBPUSD,LONG,1.0,1.26297,2024-02-08 08:00:00,1.26143,2024-02-09 09:00:00,False,-0.0015399999999998748,-0.0015399999999998748,0.0,TRADE,,,
GBPUSD_20240209100000_LONG,GBPUSD,LONG,1.0,1.26109,2024-02-09 10:00:00,1.26249,2024-02-12 10:00:00,False,0.0013999999999998458,0.0013999999999998458,0.0,TRADE,,,
GBPUSD_20240212110000_LONG,GBPUSD,LONG,1.0,1.26246,2024-02-12 11:00:00,1.26676,2024-02-13 12:00:00,False,0.0043000000000001926,0.0043000000000001926,0.0,TRADE,,,
GBPUSD_20240213230000_LONG,GBPUSD,LONG,1.0,1.25887,2024-02-13 23:00:00,1.25395,2024-02-14 10:00:00,False,-0.0049200000000000355,-0.0049200000000000355,0.0,TRADE,,,
GBPUSD_20240214110000_SHORT,GBPUSD,SHORT,1.0,1.25479,2024-02-14 11:00:00,1.25714,2024-02-15 01:00:00,False,-0.002349999999999852,-0.002349999999999852,0.0,TRADE,,,
GBPUSD_20240215020000_LONG,GBPUSD,LONG,1.0,1.25632,2024-02-15 02:00:00,1.25805,2024-02-15 16:00:00,False,0.0017299999999997873,0.0017299999999997873,0.0,TRADE,,,
GBPUSD_20240215190000_SHORT,GBPUSD,SHORT,1.0,1.25954,2024-02-15 19:00:00,1.25839,2024-02-16 03:00:00,False,0.0011500000000002064,0.0011500000000002064,0.0,TRADE,,,
GBPUSD_20240216040000_LONG,GBPUSD,LONG,1.0,1.25805,2024-02-16 04:00:00,1.25873,2024-02-16 17:00:00,False,0.0006800000000000139,0.0006800000000000139,0.0,TRADE,,,
GBPUSD_20240216180000_SHORT,GBPUSD,SHORT,1.0,1.26025,2024-02-16 18:00:00,1.26212,2024-02-19 01:00:00,False,-0.0018699999999998163,-0.0018699999999998163,0.0,TRADE,,,
GBPUSD_20240219020000_LONG,GBPUSD,LONG,1.0,1.26131,2024-02-19 02:00:00,1.25835,2024-02-20 03:00:00,False,-0.0029599999999998516,-0.0029599999999998516,0.0,TRADE,,,
GBPUSD_20240220040000_LONG,GBPUSD,LONG,1.0,1.25849,2024-02-20 04:00:00,1.26527,2024-02-20 16:00:00,False,0.006779999999999786,0.006779999999999786,0.0,TRADE,,,
GBPUSD_20240220170000_SHORT,GBPUSD,SHORT,1.0,1.26387,2024-02-20 17:00:00,1.26222,2024-02-21 01:00:00,False,0.0016500000000001513,0.0016500000000001513,0.0,TRADE,,,
GBPUSD_20240221020000_LONG,GBPUSD,LONG,1.0,1.26317,2024-02-21 02:00:00,1.26194,2024-02-21 11:00:00,False,-0.0012299999999998423,-0.0012299999999998423,0.0,TRADE,,,
GBPUSD_20240221120000_SHORT,GBPUSD,SHORT,1.0,1.2615,2024-02-21 12:00:00,1.26321,2024-02-21 21:00:00,False,-0.0017099999999998783,-0.0017099999999998783,0.0,TRADE,,,
GBPUSD_20240221230000_LONG,GBPUSD,LONG,1.0,1.26409,2024-02-21 23:00:00,1.2673,2024-02-22 10:00:00,False,0.003210000000000157,0.003210000000000157,0.0,TRADE,,,
GBPUSD_20240222110000_SHORT,GBPUSD,SHORT,1.0,1.26757,2024-02-22 11:00:00,1.26822,2024-02-23 12:00:00,False,-0.0006499999999998174,-0.0006499999999998174,0.0,TRADE,,,
GBPUSD_20240223130000_SHORT,GBPUSD,SHORT,1.0,1.26931,2024-02-23 13:00:00,1.26614,2024-02-26 02:00:00,False,0.003169999999999895,0.003169999999999895,0.0,TRADE,,,
GBPUSD_20240226030000_LONG,GBPUSD,LONG,1.0,1.26582,2024-02-26 03:00:00,1.26967,2024-02-26 14:00:00,False,0.003850000000000131,0.003850000000000131,0.0,TRADE,,,
GBPUSD_20240226150000_SHORT,GBPUSD,SHORT,1.0,1.26775,2024-02-26 15:00:00,1.26822,2024-02-27 16:00:00,False,-0.00046999999999997044,-0.00046999999999997044,0.0,TRADE,,,
GBPUSD_20240227170000_SHORT,GBPUSD,SHORT,1.0,1.26863,2024-02-27 17:00:00,1.26592,2024-02-28 18:00:00,False,0.00270999999999999,0.00270999999999999,0.0,TRADE,,,
GBPUSD_20240228190000_SHORT,GBPUSD,SHORT,1.0,1.26564,2024-02-28 19:00:00,1.26696,2024-02-29 03:00:00,False,-0.0013199999999999878,-0.0013199999999999878,0.0,TRADE,,,
GBPUSD_20240229040000_LONG,GBPUSD,LONG,1.0,1.26669,2024-02-29 04:00:00,1.26754,2024-02-29 15:00:00,False,0.0008499999999997954,0.0008499999999997954,0.0,TRADE,,,
GBPUSD_20240229160000_SHORT,GBPUSD,SHORT,1.0,1.26466,2024-02-29 16:00:00,1.26503,2024-03-01 17:00:00,False,-0.0003700000000002035,-0.0003700000000002035,0.0,TRADE,,,
GBPUSD_20240301180000_SHORT,GBPUSD,SHORT,1.0,1.265,2024-03-01 18:00:00,1.26625,2024-03-04 05:00:00,False,-0.0012500000000001954,-0.0012500000000001954,0.0,TRADE,,,
GBPUSD_20240304060000_LONG,GBPUSD,LONG,1.0,1.26622,2024-03-04 06:00:00,1.26899,2024-03-04 15:00:00,False,0.0027700000000001612,0.0027700000000001612,0.0,TRADE,,,
GBPUSD_20240304160000_SHORT,GBPUSD,SHORT,1.0,1.26992,2024-03-04 16:00:00,1.2689,2024-03-05 04:00:00,False,0.0010200000000000209,0.0010200000000000209,0.0,TRADE,,,
GBPUSD_20240305110000_SHORT,GBPUSD,SHORT,1.0,1.26838,2024-03-05 11:00:00,1.27265,2024-03-06 12:00:00,False,-0.004269999999999996,-0.004269999999999996,0.0,TRADE,,,
GBPUSD_20240306130000_SHORT,GBPUSD,SHORT,1.0,1.27143,2024-03-06 13:00:00,1.27553,2024-03-07 14:00:00,False,-0.0040999999999999925,-0.0040999999999999925,0.0,TRADE,,,
GBPUSD_20240307150000_SHORT,GBPUSD,SHORT,1.0,1.27702,2024-03-07 15:00:00,1.28719,2024-03-08 16:00:00,False,-0.010170000000000012,-0.010170000000000012,0.0,TRADE,,,
GBPUSD_20240308170000_SHORT,GBPUSD,SHORT,1.0,1.28556,2024-03-08 17:00:00,1.28093,2024-03-11 17:00:00,False,0.004630000000000134,0.004630000000000134,0.0,TRADE,,,
GBPUSD_20240311180000_SHORT,GBPUSD,SHORT,1.0,1.28083,2024-03-11 18:00:00,1.27897,2024-03-12 19:00:00,False,0.0018599999999999728,0.0018599999999999728,0.0,TRADE,,,
GBPUSD_20240312200000_SHORT,GBPUSD,SHORT,1.0,1.2793,2024-03-12 20:00:00,1.28002,2024-03-13 22:00:00,False,-0.0007199999999998319,-0.0007199999999998319,0.0,TRADE,,,
GBPUSD_20240313230000_SHORT,GBPUSD,SHORT,1.0,1.28008,2024-03-13 23:00:00,1.27419,2024-03-15 00:00:00,False,0.005890000000000173,0.005890000000000173,0.0,TRADE,,,
GBPUSD_20240315010000_SHORT,GBPUSD,SHORT,1.0,1.2736,2024-03-15 01:00:00,1.27313,2024-03-18 01:00:00,False,0.00046999999999997044,0.00046999999999997044,0.0,TRADE,,,
GBPUSD_20240318050000_LONG,GBPUSD,LONG,1.0,1.27311,2024-03-18 05:00:00,1.27392,2024-03-18 11:00:00,False,0.0008099999999999774,0.0008099999999999774,0.0,TRADE,,,
GBPUSD_20240318120000_SHORT,GBPUSD,SHORT,1.0,1.27432,2024-03-18 12:00:00,1.27174,2024-03-19 05:00:00,False,0.0025799999999998047,0.0025799999999998047,0.0,TRADE,,,
GBPUSD_20240319060000_LONG,GBPUSD,LONG,1.0,1.27035,2024-03-19 06:00:00,1.27215,2024-03-19 22:00:00,False,0.0017999999999998018,0.0017999999999998018,0.0,TRADE,,,
GBPUSD_20240319230000_SHORT,GBPUSD,SHORT,1.0,1.27216,2024-03-19 23:00:00,1.27957,2024-03-21 00:00:00,False,-0.007410000000000139,-0.007410000000000139,0.0,TRADE,,,
GBPUSD_20240321010000_SHORT,GBPUSD,SHORT,1.0,1.27958,2024-03-21 01:00:00,1.26503,2024-03-22 02:00:00,False,0.01454999999999984,0.01454999999999984,0.0,TRADE,,,
GBPUSD_20240322040000_LONG,GBPUSD,LONG,1.0,1.26414,2024-03-22 04:00:00,1.26056,2024-03-22 15:00:00,False,-0.0035800000000001386,-0.0035800000000001386,0.0,TRADE,,,
GBPUSD_20240322160000_SHORT,GBPUSD,SHORT,1.0,1.26036,2024-03-22 16:00:00,1.25964,2024-03-25 01:00:00,False,0.0007199999999998319,0.0007199999999998319,0.0,TRADE,,,
GBPUSD_20240325020000_LONG,GBPUSD,LONG,1.0,1.26137,2024-03-25 02:00:00,1.26423,2024-03-26 03:00:00,False,0.0028599999999998627,0.0028599999999998627,0.0,TRADE,,,
GBPUSD_20240326140000_SHORT,GBPUSD,SHORT,1.0,1.26397,2024-03-26 14:00:00,1.26249,2024-03-27 15:00:00,False,0.0014800000000001479,0.0014800000000001479,0.0,TRADE,,,
GBPUSD_20240327160000_SHORT,GBPUSD,SHORT,1.0,1.2629,2024-03-27 16:00:00,1.263,2024-03-28 06:00:00,False,-9.999999999998899e-05,-9.999999999998899e-05,0.0,TRADE,,,
GBPUSD_20240328140000_SHORT,GBPUSD,SHORT,1.0,1.26436,2024-03-28 14:00:00,1.26232,2024-03-29 04:00:00,False,0.0020399999999998197,0.0020399999999998197,0.0,TRADE,,,
GBPUSD_20240329050000_LONG,GBPUSD,LONG,1.0,1.26208,2024-03-29 05:00:00,1.2626,2024-04-01 06:00:00,False,0.0005199999999998539,0.0005199999999998539,0.0,TRADE,,,
GBPUSD_20240401100000_SHORT,GBPUSD,SHORT,1.0,1.26181,2024-04-01 10:00:00,1.25449,2024-04-02 02:00:00,False,0.007319999999999993,0.007319999999999993,0.0,TRADE,,,
GBPUSD_20240402030000_LONG,GBPUSD,LONG,1.0,1.25469,2024-04-02 03:00:00,1.2572,2024-04-02 12:00:00,False,0.0025100000000000122,0.0025100000000000122,0.0,TRADE,,,
GBPUSD_20240402130000_SHORT,GBPUSD,SHORT,1.0,1.25578,2024-04-02 13:00:00,1.25788,2024-04-03 04:00:00,False,-0.002100000000000213,-0.002100000000000213,0.0,TRADE,,,
GBPUSD_20240403050000_LONG,GBPUSD,LONG,1.0,1.25796,2024-04-03 05:00:00,1.25697,2024-04-03 10:00:00,False,-0.0009900000000000464,-0.0009900000000000464,0.0,TRADE,,,
GBPUSD_20240403110000_SHORT,GBPUSD,SHORT,1.0,1.25765,2024-04-03 11:00:00,1.26503,2024-04-04 12:00:00,False,-0.007380000000000164,-0.007380000000000164,0.0,TRADE,,,
GBPUSD_20240404130000_SHORT,GBPUSD,SHORT,1.0,1.26677,2024-04-04 13:00:00,1.25892,2024-04-05 14:00:00,False,0.007849999999999913,0.007849999999999913,0.0,TRADE,,,
GBPUSD_20240405150000_SHORT,GBPUSD,SHORT,1.0,1.26123,2024-04-05 15:00:00,1.26284,2024-04-08 02:00:00,False,-0.0016099999999998893,-0.0016099999999998893,0.0,TRADE,,,
GBPUSD_20240408030000_LONG,GBPUSD,LONG,1.0,1.26385,2024-04-08 03:00:00,1.26225,2024-04-08 09:00:00,False,-0.0015999999999998238,-0.0015999999999998238,0.0,TRADE,,,
GBPUSD_20240408100000_SHORT,GBPUSD,SHORT,1.0,1.2626,2024-04-08 10:00:00,1.26574,2024-04-09 05:00:00,False,-0.0031400000000001427,-0.0031400000000001427,0.0,TRADE,,,
GBPUSD_20240409060000_LONG,GBPUSD,LONG,1.0,1.26598,2024-04-09 06:00:00,1.26816,2024-04-10 07:00:00,False,0.0021799999999998487,0.0021799999999998487,0.0,TRADE,,,
GBPUSD_20240410080000_SHORT,GBPUSD,SHORT,1.0,1.26856,2024-04-10 08:00:00,1.25465,2024-04-11 05:00:00,False,0.013909999999999867,0.013909999999999867,0.0,TRADE,,,
GBPUSD_20240411060000_LONG,GBPUSD,LONG,1.0,1.25412,2024-04-11 06:00:00,1.25232,2024-04-11 15:00:00,False,-0.0017999999999998018,-0.0017999999999998018,0.0,TRADE,,,
GBPUSD_20240411160000_SHORT,GBPUSD,SHORT,1.0,1.2531,2024-04-11 16:00:00,1.2454,2024-04-12 17:00:00,False,0.00770000000000004,0.00770000000000004,0.0,TRADE,,,
GBPUSD_20240412180000_SHORT,GBPUSD,SHORT,1.0,1.24565,2024-04-12 18:00:00,1.24405,2024-04-15 19:00:00,False,0.0015999999999998238,0.0015999999999998238,0.0,TRADE,,,
GBPUSD_20240415200000_SHORT,GBPUSD,SHORT,1.0,1.24477,2024-04-15 20:00:00,1.24331,2024-04-16 05:00:00,False,0.0014600000000000168,0.0014600000000000168,0.0,TRADE,,,
GBPUSD_20240416060000_LONG,GBPUSD,LONG,1.0,1.2428922,2024-04-16 06:00:00,1.24317,2024-04-16 20:00:00,False,0.00027780000000010574,0.00027780000000010574,0.0,TRADE,,,
GBPUSD_20240417020000_LONG,GBPUSD,LONG,1.0,1.24341,2024-04-17 02:00:00,1.24518,2024-04-17 13:00:00,False,0.0017700000000000493,0.0017700000000000493,0.0,TRADE,,,
GBPUSD_20240417140000_SHORT,GBPUSD,SHORT,1.0,1.24544,2024-04-17 14:00:00,1.2445,2024-04-18 15:00:00,False,0.0009400000000001629,0.0009400000000001629,0.0,TRADE,,,
GBPUSD_20240418160000_SHORT,GBPUSD,SHORT,1.0,1.24635,2024-04-18 16:00:00,1.2428922,2024-04-19 03:00:00,False,0.0034578000000000664,0.0034578000000000664,0.0,TRADE,,,
GBPUSD_20240419040000_LONG,GBPUSD,LONG,1.0,1.2428922,2024-04-19 04:00:00,1.2428922,2024-04-22 04:00:00,False,0.0,0.0,0.0,TRADE,,,
GBPUSD_20240422050000_LONG,GBPUSD,LONG,1.0,1.2428922,2024-04-22 05:00:00,1.2428922,2024-04-23 06:00:00,False,0.0,0.0,0.0,TRADE,,,
GBPUSD_20240423070000_LONG,GBPUSD,LONG,1.0,1.2428922,2024-04-23 07:00:00,1.24335,2024-04-24 08:00:00,False,0.0004577999999999527,0.0004577999999999527,0.0,TRADE,,,
GBPUSD_20240424130000_SHORT,GBPUSD,SHORT,1.0,1.24405,2024-04-24 13:00:00,1.24596,2024-04-25 14:00:00,False,-0.0019099999999998563,-0.0019099999999998563,0.0,TRADE,,,
GBPUSD_20240425150000_SHORT,GBPUSD,SHORT,1.0,1.24842,2024-04-25 15:00:00,1.25006,2024-04-26 05:00:00,False,-0.0016399999999998638,-0.0016399999999998638,0.0,TRADE,,,
GBPUSD_20240426120000_SHORT,GBPUSD,SHORT,1.0,1.25116,2024-04-26 12:00:00,1.25286,2024-04-29 13:00:00,False,-0.0017000000000000348,-0.0017000000000000348,0.0,TRADE,,,
GBPUSD_20240429140000_SHORT,GBPUSD,SHORT,1.0,1.25338,2024-04-29 14:00:00,1.25455,2024-04-30 05:00:00,False,-0.0011700000000001154,-0.0011700000000001154,0.0,TRADE,,,
GBPUSD_20240430130000_SHORT,GBPUSD,SHORT,1.0,1.25236,2024-04-30 13:00:00,1.24828,2024-05-01 14:00:00,False,0.0040799999999998615,0.0040799999999998615,0.0,TRADE,,,
GBPUSD_20240501150000_SHORT,GBPUSD,SHORT,1.0,1.24916,2024-05-01 15:00:00,1.25067,2024-05-02 16:00:00,False,-0.0015099999999999003,-0.0015099999999999003,0.0,TRADE,,,
GBPUSD_20240502170000_SHORT,GBPUSD,SHORT,1.0,1.25164,2024-05-02 17:00:00,1.25466,2024-05-03 18:00:00,False,-0.0030200000000000227,-0.0030200000000000227,0.0,TRADE,,,
GBPUSD_20240503190000_SHORT,GBPUSD,SHORT,1.0,1.25509,2024-05-03 19:00:00,1.25602,2024-05-06 20:00:00,False,-0.0009299999999998754,-0.0009299999999998754,0.0,TRADE,,,
GBPUSD_20240507040000_LONG,GBPUSD,LONG,1.0,1.25568,2024-05-07 04:00:00,1.25365,2024-05-07 09:00:00,False,-0.0020299999999999763,-0.0020299999999999763,0.0,TRADE,,,
GBPUSD_20240507100000_SHORT,GBPUSD,SHORT,1.0,1.25334,2024-05-07 10:00:00,1.24846,2024-05-08 04:00:00,False,0.0048799999999999955,0.0048799999999999955,0.0,TRADE,,,
GBPUSD_20240508050000_LONG,GBPUSD,LONG,1.0,1.24849,2024-05-08 05:00:00,1.24843,2024-05-08 12:00:00,False,-6.000000000017103e-05,-6.000000000017103e-05,0.0,TRADE,,,
GBPUSD_20240508130000_SHORT,GBPUSD,SHORT,1.0,1.24816,2024-05-08 13:00:00,1.24899,2024-05-09 06:00:00,False,-0.0008300000000001084,-0.0008300000000001084,0.0,TRADE,,,
GBPUSD_20240509150000_SHORT,GBPUSD,SHORT,1.0,1.2511,2024-05-09 15:00:00,1.25245,2024-05-10 16:00:00,False,-0.0013499999999999623,-0.0013499999999999623,0.0,TRADE,,,
GBPUSD_20240510170000_SHORT,GBPUSD,SHORT,1.0,1.25338,2024-05-10 17:00:00,1.25595,2024-05-13 17:00:00,False,-0.002569999999999961,-0.002569999999999961,0.0,TRADE,,,
GBPUSD_20240514100000_SHORT,GBPUSD,SHORT,1.0,1.25449,2024-05-14 10:00:00,1.25883,2024-05-15 01:00:00,False,-0.0043399999999997885,-0.0043399999999997885,0.0,TRADE,,,
GBPUSD_20240515020000_LONG,GBPUSD,LONG,1.0,1.2593,2024-05-15 02:00:00,1.26486,2024-05-15 13:00:00,False,0.005560000000000009,0.005560000000000009,0.0,TRADE,,,
GBPUSD_20240515140000_SHORT,GBPUSD,SHORT,1.0,1.26228,2024-05-15 14:00:00,1.26702,2024-05-16 15:00:00,False,-0.0047399999999999665,-0.0047399999999999665,0.0,TRADE,,,
GBPUSD_20240516160000_SHORT,GBPUSD,SHORT,1.0,1.26737,2024-05-16 16:00:00,1.27036,2024-05-17 17:00:00,False,-0.002989999999999826,-0.002989999999999826,0.0,TRADE,,,
GBPUSD_20240517180000_SHORT,GBPUSD,SHORT,1.0,1.27076,2024-05-17 18:00:00,1.27048,2024-05-20 04:00:00,False,0.00027999999999983594,0.00027999999999983594,0.0,TRADE,,,
GBPUSD_20240520050000_LONG,GBPUSD,LONG,1.0,1.27066,2024-05-20 05:00:00,1.26951,2024-05-20 12:00:00,False,-0.0011499999999999844,-0.0011499999999999844,0.0,TRADE,,,
GBPUSD_20240520130000_SHORT,GBPUSD,SHORT,1.0,1.26985,2024-05-20 13:00:00,1.27094,2024-05-21 01:00:00,False,-0.0010900000000000354,-0.0010900000000000354,0.0,TRADE,,,
GBPUSD_20240521020000_LONG,GBPUSD,LONG,1.0,1.26995,2024-05-21 02:00:00,1.27184,2024-05-21 10:00:00,False,0.0018900000000001693,0.0018900000000001693,0.0,TRADE,,,
GBPUSD_20240521110000_SHORT,GBPUSD,SHORT,1.0,1.27147,2024-05-21 11:00:00,1.27103,2024-05-22 05:00:00,False,0.00043999999999999595,0.00043999999999999595,0.0,TRADE,,,
GBPUSD_20240522090000_SHORT,GBPUSD,SHORT,1.0,1.27283,2024-05-22 09:00:00,1.27269,2024-05-23 10:00:00,False,0.00013999999999980695,0.00013999999999980695,0.0,TRADE,,,
GBPUSD_20240523140000_SHORT,GBPUSD,SHORT,1.0,1.27163,2024-05-23 14:00:00,1.26923,2024-05-24 05:00:00,False,0.0023999999999999577,0.0023999999999999577,0.0,TRADE,,,
GBPUSD_20240524060000_LONG,GBPUSD,LONG,1.0,1.26904,2024-05-24 06:00:00,1.27202,2024-05-24 12:00:00,False,0.0029799999999999827,0.0029799999999999827,0.0,TRADE,,,
GBPUSD_20240524130000_SHORT,GBPUSD,SHORT,1.0,1.27209,2024-05-24 13:00:00,1.27412,2024-05-27 04:00:00,False,-0.0020299999999999763,-0.0020299999999999763,0.0,TRADE,,,
GBPUSD_20240527050000_LONG,GBPUSD,LONG,1.0,1.27419,2024-05-27 05:00:00,1.27551,2024-05-27 13:00:00,False,0.0013199999999999878,0.0013199999999999878,0.0,TRADE,,,
GBPUSD_20240527140000_SHORT,GBPUSD,SHORT,1.0,1.27686,2024-05-27 14:00:00,1.27795,2024-05-28 02:00:00,False,-0.0010899999999998133,-0.0010899999999998133,0.0,TRADE,,,
GBPUSD_20240528030000_LONG,GBPUSD,LONG,1.0,1.27801,2024-05-28 03:00:00,1.27931,2024-05-28 13:00:00,False,0.0012999999999998568,0.0012999999999998568,0.0,TRADE,,,
GBPUSD_20240528140000_SHORT,GBPUSD,SHORT,1.0,1.27755,2024-05-28 14:00:00,1.27154,2024-05-29 15:00:00,False,0.006010000000000071,0.006010000000000071,0.0,TRADE,,,
GBPUSD_20240529160000_SHORT,GBPUSD,SHORT,1.0,1.27114,2024-05-29 16:00:00,1.27415,2024-05-30 17:00:00,False,-0.003009999999999957,-0.003009999999999957,0.0,TRADE,,,
GBPUSD_20240530180000_SHORT,GBPUSD,SHORT,1.0,1.27385,2024-05-30 18:00:00,1.27326,2024-05-31 19:00:00,False,0.0005899999999998684,0.0005899999999998684,0.0,TRADE,,,
GBPUSD_20240531200000_SHORT,GBPUSD,SHORT,1.0,1.27443,2024-05-31 20:00:00,1.27414,2024-06-03 05:00:00,False,0.00028999999999990145,0.00028999999999990145,0.0,TRADE,,,
GBPUSD_20240603060000_LONG,GBPUSD,LONG,1.0,1.27385,2024-06-03 06:00:00,1.27343,2024-06-03 13:00:00,False,-0.0004199999999998649,-0.0004199999999998649,0.0,TRADE,,,
GBPUSD_20240603140000_SHORT,GBPUSD,SHORT,1.0,1.2766,2024-06-03 14:00:00,1.27873,2024-06-04 15:00:00,False,-0.0021299999999999653,-0.0021299999999999653,0.0,TRADE,,,
GBPUSD_20240604160000_SHORT,GBPUSD,SHORT,1.0,1.27862,2024-06-04 16:00:00,1.27785,2024-06-05 17:00:00,False,0.0007700000000001594,0.0007700000000001594,0.0,TRADE,,,
GBPUSD_20240605180000_SHORT,GBPUSD,SHORT,1.0,1.27856,2024-06-05 18:00:00,1.27957,2024-06-06 05:00:00,False,-0.0010100000000001774,-0.0010100000000001774,0.0,TRADE,,,
GBPUSD_20240606060000_LONG,GBPUSD,LONG,1.0,1.27916,2024-06-06 06:00:00,1.2774,2024-06-06 13:00:00,False,-0.0017599999999999838,-0.0017599999999999838,0.0,TRADE,,,
GBPUSD_20240606140000_SHORT,GBPUSD,SHORT,1.0,1.27873,2024-06-06 14:00:00,1.27241,2024-06-07 15:00:00,False,0.006319999999999881,0.006319999999999881,0.0,TRADE,,,
GBPUSD_20240607160000_SHORT,GBPUSD,SHORT,1.0,1.27279,2024-06-07 16:00:00,1.26971,2024-06-10 11:00:00,False,0.0030800000000001937,0.0030800000000001937,0.0,TRADE,,,
GBPUSD_20240610120000_LONG,GBPUSD,LONG,1.0,1.27151,2024-06-10 12:00:00,1.27269,2024-06-11 01:00:00,False,0.001180000000000181,0.001180000000000181,0.0,TRADE,,,
GBPUSD_20240611130000_SHORT,GBPUSD,SHORT,1.0,1.27391,2024-06-11 13:00:00,1.28348,2024-06-12 14:00:00,False,-0.009569999999999856,-0.009569999999999856,0.0,TRADE,,,
GBPUSD_20240612150000_SHORT,GBPUSD,SHORT,1.0,1.28492,2024-06-12 15:00:00,1.27554,2024-06-13 16:00:00,False,0.009380000000000166,0.009380000000000166,0.0,TRADE,,,
GBPUSD_20240613170000_SHORT,GBPUSD,SHORT,1.0,1.27485,2024-06-13 17:00:00,1.275,2024-06-14 05:00:00,False,-0.00014999999999987246,-0.00014999999999987246,0.0,TRADE,,,
GBPUSD_20240614060000_LONG,GBPUSD,LONG,1.0,1.27402,2024-06-14 06:00:00,1.26633,2024-06-14 14:00:00,False,-0.007689999999999975,-0.007689999999999975,0.0,TRADE,,,
GBPUSD_20240614150000_SHORT,GBPUSD,SHORT,1.0,1.26737,2024-06-14 15:00:00,1.26833,2024-06-17 05:00:00,False,-0.0009599999999998499,-0.0009599999999998499,0.0,TRADE,,,
GBPUSD_20240617070000_LONG,GBPUSD,LONG,1.0,1.26728,2024-06-17 07:00:00,1.26702,2024-06-17 13:00:00,False,-0.00025999999999992696,-0.00025999999999992696,0.0,TRADE,,,
GBPUSD_20240617140000_SHORT,GBPUSD,SHORT,1.0,1.26716,2024-06-17 14:00:00,1.27073,2024-06-18 01:00:00,False,-0.003569999999999851,-0.003569999999999851,0.0,TRADE,,,
GBPUSD_20240618020000_LONG,GBPUSD,LONG,1.0,1.27001,2024-06-18 02:00:00,1.26747,2024-06-18 12:00:00,False,-0.0025399999999999867,-0.0025399999999999867,0.0,TRADE,,,
GBPUSD_20240618130000_SHORT,GBPUSD,SHORT,1.0,1.26928,2024-06-18 13:00:00,1.27232,2024-06-19 14:00:00,False,-0.0030399999999999316,-0.0030399999999999316,0.0,TRADE,,,
GBPUSD_20240619150000_SHORT,GBPUSD,SHORT,1.0,1.2731,2024-06-19 15:00:00,1.26616,2024-06-20 16:00:00,False,0.006939999999999946,0.006939999999999946,0.0,TRADE,,,
GBPUSD_20240620170000_SHORT,GBPUSD,SHORT,1.0,1.26653,2024-06-20 17:00:00,1.26409,2024-06-21 18:00:00,False,0.0024399999999999977,0.0024399999999999977,0.0,TRADE,,,
GBPUSD_20240621190000_SHORT,GBPUSD,SHORT,1.0,1.26484,2024-06-21 19:00:00,1.26899,2024-06-24 19:00:00,False,-0.004150000000000098,-0.004150000000000098,0.0,TRADE,,,
GBPUSD_20240624200000_SHORT,GBPUSD,SHORT,1.0,1.26879,2024-06-24 20:00:00,1.2687,2024-06-25 22:00:00,False,9.000000000014552e-05,9.000000000014552e-05,0.0,TRADE,,,
GBPUSD_20240626020000_LONG,GBPUSD,LONG,1.0,1.26893,2024-06-26 02:00:00,1.26228,2024-06-26 20:00:00,False,-0.006649999999999823,-0.006649999999999823,0.0,TRADE,,,
GBPUSD_20240627100000_SHORT,GBPUSD,SHORT,1.0,1.26503,2024-06-27 10:00:00,1.26348,2024-06-28 03:00:00,False,0.0015500000000001624,0.0015500000000001624,0.0,TRADE,,,
GBPUSD_20240628040000_LONG,GBPUSD,LONG,1.0,1.26276,2024-06-28 04:00:00,1.26562,2024-06-28 11:00:00,False,0.0028599999999998627,0.0028599999999998627,0.0,TRADE,,,
GBPUSD_20240628120000_SHORT,GBPUSD,SHORT,1.0,1.26466,2024-06-28 12:00:00,1.26747,2024-07-01 12:00:00,False,-0.0028100000000002012,-0.0028100000000002012,0.0,TRADE,,,
GBPUSD_20240701130000_SHORT,GBPUSD,SHORT,1.0,1.26652,2024-07-01 13:00:00,1.26343,2024-07-02 04:00:00,False,0.003090000000000037,0.003090000000000037,0.0,TRADE,,,
GBPUSD_20240702050000_LONG,GBPUSD,LONG,1.0,1.26334,2024-07-02 05:00:00,1.26723,2024-07-02 13:00:00,False,0.003890000000000171,0.003890000000000171,0.0,TRADE,,,
GBPUSD_20240702140000_SHORT,GBPUSD,SHORT,1.0,1.26727,2024-07-02 14:00:00,1.26849,2024-07-03 02:00:00,False,-0.0012199999999999989,-0.0012199999999999989,0.0,TRADE,,,
GBPUSD_20240703030000_LONG,GBPUSD,LONG,1.0,1.26865,2024-07-03 03:00:00,1.27019,2024-07-03 11:00:00,False,0.0015399999999998748,0.0015399999999998748,0.0,TRADE,,,
GBPUSD_20240703120000_SHORT,GBPUSD,SHORT,1.0,1.27048,2024-07-03 12:00:00,1.27428,2024-07-04 05:00:00,False,-0.0038000000000000256,-0.0038000000000000256,0.0,TRADE,,,
GBPUSD_20240704110000_SHORT,GBPUSD,SHORT,1.0,1.27584,2024-07-04 11:00:00,1.27886,2024-07-05 12:00:00,False,-0.0030200000000000227,-0.0030200000000000227,0.0,TRADE,,,
GBPUSD_20240705130000_SHORT,GBPUSD,SHORT,1.0,1.27974,2024-07-05 13:00:00,1.28391,2024-07-08 13:00:00,False,-0.004170000000000007,-0.004170000000000007,0.0,TRADE,,,
GBPUSD_20240708140000_SHORT,GBPUSD,SHORT,1.0,1.28422,2024-07-08 14:00:00,1.28019,2024-07-09 02:00:00,False,0.004029999999999978,0.004029999999999978,0.0,TRADE,,,
GBPUSD_20240709030000_LONG,GBPUSD,LONG,1.0,1.28046,2024-07-09 03:00:00,1.2807,2024-07-09 13:00:00,False,0.00024000000000001798,0.00024000000000001798,0.0,TRADE,,,
GBPUSD_20240709140000_SHORT,GBPUSD,SHORT,1.0,1.28059,2024-07-09 14:00:00,1.2788,2024-07-10 02:00:00,False,0.0017899999999999583,0.0017899999999999583,0.0,TRADE,,,
GBPUSD_20240710030000_LONG,GBPUSD,LONG,1.0,1.27896,2024-07-10 03:00:00,1.28338,2024-07-10 14:00:00,False,0.0044199999999998685,0.0044199999999998685,0.0,TRADE,,,
GBPUSD_20240710150000_SHORT,GBPUSD,SHORT,1.0,1.28313,2024-07-10 15:00:00,1.2912,2024-07-11 16:00:00,False,-0.0080699999999998,-0.0080699999999998,0.0,TRADE,,,
GBPUSD_20240711170000_SHORT,GBPUSD,SHORT,1.0,1.29062,2024-07-11 17:00:00,1.29083,2024-07-12 04:00:00,False,-0.00020999999999982144,-0.00020999999999982144,0.0,TRADE,,,
GBPUSD_20240712130000_SHORT,GBPUSD,SHORT,1.0,1.29658,2024-07-12 13:00:00,1.29739,2024-07-15 04:00:00,False,-0.0008099999999999774,-0.0008099999999999774,0.0,TRADE,,,
GBPUSD_20240715120000_SHORT,GBPUSD,SHORT,1.0,1.29754,2024-07-15 12:00:00,1.29631,2024-07-16 05:00:00,False,0.0012299999999998423,0.0012299999999998423,0.0,TRADE,,,
GBPUSD_20240716060000_LONG,GBPUSD,LONG,1.0,1.2957,2024-07-16 06:00:00,1.29544,2024-07-16 15:00:00,False,-0.000260000000000149,-0.000260000000000149,0.0,TRADE,,,
GBPUSD_20240716160000_SHORT,GBPUSD,SHORT,1.0,1.29557,2024-07-16 16:00:00,1.30027,2024-07-17 17:00:00,False,-0.0046999999999999265,-0.0046999999999999265,0.0,TRADE,,,
GBPUSD_20240717180000_SHORT,GBPUSD,SHORT,1.0,1.30053,2024-07-17 18:00:00,1.29466,2024-07-18 19:00:00,False,0.005870000000000042,0.005870000000000042,0.0,TRADE,,,
GBPUSD_20240718200000_SHORT,GBPUSD,SHORT,1.0,1.29459,2024-07-18 20:00:00,1.29181,2024-07-21 22:00:00,False,0.0027800000000000047,0.0027800000000000047,0.0,TRADE,,,
GBPUSD_20240722020000_LONG,GBPUSD,LONG,1.0,1.29134,2024-07-22 02:00:00,1.29371,2024-07-22 11:00:00,False,0.0023699999999999832,0.0023699999999999832,0.0,TRADE,,,
GBPUSD_20240722120000_SHORT,GBPUSD,SHORT,1.0,1.29268,2024-07-22 12:00:00,1.29286,2024-07-23 01:00:00,False,-0.00017999999999984695,-0.00017999999999984695,0.0,TRADE,,,
GBPUSD_20240723020000_LONG,GBPUSD,LONG,1.0,1.2931,2024-07-23 02:00:00,1.29078,2024-07-23 13:00:00,False,-0.0023199999999998777,-0.0023199999999998777,0.0,TRADE,,,
GBPUSD_20240723140000_SHORT,GBPUSD,SHORT,1.0,1.2914,2024-07-23 14:00:00,1.29201,2024-07-24 15:00:00,False,-0.0006099999999999994,-0.0006099999999999994,0.0,TRADE,,,
GBPUSD_20240724160000_SHORT,GBPUSD,SHORT,1.0,1.29232,2024-07-24 16:00:00,1.28862,2024-07-25 17:00:00,False,0.0036999999999998145,0.0036999999999998145,0.0,TRADE,,,
GBPUSD_20240725180000_SHORT,GBPUSD,SHORT,1.0,1.28702,2024-07-25 18:00:00,1.2871,2024-07-26 19:00:00,False,-7.999999999985796e-05,-7.999999999985796e-05,0.0,TRADE,,,
GBPUSD_20240726200000_SHORT,GBPUSD,SHORT,1.0,1.2872,2024-07-26 20:00:00,1.2876,2024-07-29 05:00:00,False,-0.000400000000000178,-0.000400000000000178,0.0,TRADE,,,
GBPUSD_20240729090000_SHORT,GBPUSD,SHORT,1.0,1.28085,2024-07-29 09:00:00,1.28513,2024-07-30 03:00:00,False,-0.0042800000000000615,-0.0042800000000000615,0.0,TRADE,,,
GBPUSD_20240730040000_LONG,GBPUSD,LONG,1.0,1.28574,2024-07-30 04:00:00,1.28534,2024-07-30 11:00:00,False,-0.000400000000000178,-0.000400000000000178,0.0,TRADE,,,
GBPUSD_20240730120000_SHORT,GBPUSD,SHORT,1.0,1.28462,2024-07-30 12:00:00,1.28478,2024-07-31 13:00:00,False,-0.00015999999999993797,-0.00015999999999993797,0.0,TRADE,,,
GBPUSD_20240731140000_SHORT,GBPUSD,SHORT,1.0,1.2837,2024-07-31 14:00:00,1.27866,2024-08-01 15:00:00,False,0.0050400000000001555,0.0050400000000001555,0.0,TRADE,,,
GBPUSD_20240801160000_SHORT,GBPUSD,SHORT,1.0,1.27727,2024-08-01 16:00:00,1.27944,2024-08-02 17:00:00,False,-0.0021700000000000053,-0.0021700000000000053,0.0,TRADE,,,
GBPUSD_20240802180000_SHORT,GBPUSD,SHORT,1.0,1.27982,2024-08-02 18:00:00,1.27651,2024-08-05 19:00:00,False,0.003309999999999924,0.003309999999999924,0.0,TRADE,,,
GBPUSD_20240805200000_SHORT,GBPUSD,SHORT,1.0,1.27737,2024-08-05 20:00:00,1.26905,2024-08-06 22:00:00,False,0.008319999999999883,0.008319999999999883,0.0,TRADE,,,
GBPUSD_20240806230000_SHORT,GBPUSD,SHORT,1.0,1.2692,2024-08-06 23:00:00,1.26859,2024-08-08 00:00:00,False,0.0006099999999999994,0.0006099999999999994,0.0,TRADE,,,
GBPUSD_20240808010000_SHORT,GBPUSD,SHORT,1.0,1.2685,2024-08-08 01:00:00,1.27469,2024-08-09 02:00:00,False,-0.00619000000000014,-0.00619000000000014,0.0,TRADE,,,
GBPUSD_20240809030000_SHORT,GBPUSD,SHORT,1.0,1.27561,2024-08-09 03:00:00,1.2759,2024-08-12 04:00:00,False,-0.0002900000000001235,-0.0002900000000001235,0.0,TRADE,,,
GBPUSD_20240812060000_LONG,GBPUSD,LONG,1.0,1.27682,2024-08-12 06:00:00,1.28034,2024-08-13 07:00:00,False,0.0035199999999999676,0.0035199999999999676,0.0,TRADE,,,
GBPUSD_20240813090000_SHORT,GBPUSD,SHORT,1.0,1.27886,2024-08-13 09:00:00,1.2851,2024-08-14 10:00:00,False,-0.006239999999999801,-0.006239999999999801,0.0,TRADE,,,
GBPUSD_20240814110000_SHORT,GBPUSD,SHORT,1.0,1.28434,2024-08-14 11:00:00,1.28398,2024-08-15 05:00:00,False,0.000360000000000138,0.000360000000000138,0.0,TRADE,,,
GBPUSD_20240815060000_LONG,GBPUSD,LONG,1.0,1.28469,2024-08-15 06:00:00,1.28397,2024-08-15 14:00:00,False,-0.0007200000000000539,-0.0007200000000000539,0.0,TRADE,,,
GBPUSD_20240815150000_SHORT,GBPUSD,SHORT,1.0,1.28598,2024-08-15 15:00:00,1.29069,2024-08-16 16:00:00,False,-0.004709999999999992,-0.004709999999999992,0.0,TRADE,,,
GBPUSD_20240816170000_SHORT,GBPUSD,SHORT,1.0,1.29269,2024-08-16 17:00:00,1.29812,2024-08-19 17:00:00,False,-0.005430000000000046,-0.005430000000000046,0.0,TRADE,,,
GBPUSD_20240819180000_SHORT,GBPUSD,SHORT,1.0,1.29903,2024-08-19 18:00:00,1.30293,2024-08-20 19:00:00,False,-0.0039000000000000146,-0.0039000000000000146,0.0,TRADE,,,
GBPUSD_20240821020000_LONG,GBPUSD,LONG,1.0,1.30249,2024-08-21 02:00:00,1.3018,2024-08-21 08:00:00,False,-0.0006899999999998574,-0.0006899999999998574,0.0,TRADE,,,
GBPUSD_20240821090000_SHORT,GBPUSD,SHORT,1.0,1.3016,2024-08-21 09:00:00,1.31249,2024-08-22 10:00:00,False,-0.010889999999999844,-0.010889999999999844,0.0,TRADE,,,
GBPUSD_20240822130000_SHORT,GBPUSD,SHORT,1.0,1.31168,2024-08-22 13:00:00,1.31743,2024-08-23 14:00:00,False,-0.005750000000000144,-0.005750000000000144,0.0,TRADE,,,
GBPUSD_20240823150000_SHORT,GBPUSD,SHORT,1.0,1.3199,2024-08-23 15:00:00,1.31988,2024-08-26 15:00:00,False,2.0000000000131024e-05,2.0000000000131024e-05,0.0,TRADE,,,
GBPUSD_20240827090000_SHORT,GBPUSD,SHORT,1.0,1.32265,2024-08-27 09:00:00,1.32225,2024-08-28 10:00:00,False,0.000400000000000178,0.000400000000000178,0.0,TRADE,,,
GBPUSD_20240828130000_SHORT,GBPUSD,SHORT,1.0,1.32096,2024-08-28 13:00:00,1.31577,2024-08-29 14:00:00,False,0.005189999999999806,0.005189999999999806,0.0,TRADE,,,
GBPUSD_20240829150000_SHORT,GBPUSD,SHORT,1.0,1.31543,2024-08-29 15:00:00,1.31272,2024-08-30 16:00:00,False,0.00270999999999999,0.00270999999999999,0.0,TRADE,,,
GBPUSD_20240830190000_SHORT,GBPUSD,SHORT,1.0,1.31181,2024-08-30 19:00:00,1.31317,2024-09-02 06:00:00,False,-0.0013600000000000279,-0.0013600000000000279,0.0,TRADE,,,
GBPUSD_20240902070000_LONG,GBPUSD,LONG,1.0,1.31393,2024-09-02 07:00:00,1.31439,2024-09-02 13:00:00,False,0.00045999999999990493,0.00045999999999990493,0.0,TRADE,,,
GBPUSD_20240902140000_SHORT,GBPUSD,SHORT,1.0,1.31412,2024-09-02 14:00:00,1.30932,2024-09-03 15:00:00,False,0.0047999999999999154,0.0047999999999999154,0.0,TRADE,,,
GBPUSD_20240903160000_SHORT,GBPUSD,SHORT,1.0,1.31037,2024-09-03 16:00:00,1.31486,2024-09-04 17:00:00,False,-0.004489999999999883,-0.004489999999999883,0.0,TRADE,,,
GBPUSD_20240904180000_SHORT,GBPUSD,SHORT,1.0,1.31312,2024-09-04 18:00:00,1.31405,2024-09-05 07:00:00,False,-0.0009299999999998754,-0.0009299999999998754,0.0,TRADE,,,
GBPUSD_20240905150000_SHORT,GBPUSD,SHORT,1.0,1.31594,2024-09-05 15:00:00,1.31265,2024-09-06 16:00:00,False,0.003290000000000015,0.003290000000000015,0.0,TRADE,,,
GBPUSD_20240906170000_SHORT,GBPUSD,SHORT,1.0,1.31174,2024-09-06 17:00:00,1.31316,2024-09-09 04:00:00,False,-0.0014200000000001989,-0.0014200000000001989,0.0,TRADE,,,
GBPUSD_20240909050000_LONG,GBPUSD,LONG,1.0,1.31184,2024-09-09 05:00:00,1.30778,2024-09-09 15:00:00,False,-0.0040599999999999525,-0.0040599999999999525,0.0,TRADE,,,
GBPUSD_20240909170000_SHORT,GBPUSD,SHORT,1.0,1.30988,2024-09-09 17:00:00,1.3074,2024-09-10 04:00:00,False,0.0024800000000000377,0.0024800000000000377,0.0,TRADE,,,
GBPUSD_20240910140000_SHORT,GBPUSD,SHORT,1.0,1.30546,2024-09-10 14:00:00,1.3018,2024-09-11 15:00:00,False,0.0036599999999999966,0.0036599999999999966,0.0,TRADE,,,
GBPUSD_20240911160000_SHORT,GBPUSD,SHORT,1.0,1.30336,2024-09-11 16:00:00,1.30483,2024-09-12 05:00:00,False,-0.0014699999999998603,-0.0014699999999998603,0.0,TRADE,,,
GBPUSD_20240912060000_LONG,GBPUSD,LONG,1.0,1.30493,2024-09-12 06:00:00,1.31174,2024-09-12 20:00:00,False,0.006809999999999983,0.006809999999999983,0.0,TRADE,,,
GBPUSD_20240912220000_SHORT,GBPUSD,SHORT,1.0,1.31266,2024-09-12 22:00:00,1.31334,2024-09-15 23:00:00,False,-0.0006800000000000139,-0.0006800000000000139,0.0,TRADE,,,
GBPUSD_20240916070000_SHORT,GBPUSD,SHORT,1.0,1.31639,2024-09-16 07:00:00,1.32171,2024-09-17 08:00:00,False,-0.005319999999999991,-0.005319999999999991,0.0,TRADE,,,
GBPUSD_20240917090000_SHORT,GBPUSD,SHORT,1.0,1.32252,2024-09-17 09:00:00,1.32255,2024-09-18 10:00:00,False,-2.999999999997449e-05,-2.999999999997449e-05,0.0,TRADE,,,
GBPUSD_20240918140000_SHORT,GBPUSD,SHORT,1.0,1.32384,2024-09-18 14:00:00,1.31702,2024-09-19 01:00:00,False,0.006819999999999826,0.006819999999999826,0.0,TRADE,,,
GBPUSD_20240919020000_LONG,GBPUSD,LONG,1.0,1.31764,2024-09-19 02:00:00,1.32822,2024-09-19 10:00:00,False,0.010580000000000034,0.010580000000000034,0.0,TRADE,,,
GBPUSD_20240919110000_SHORT,GBPUSD,SHORT,1.0,1.33052,2024-09-19 11:00:00,1.33068,2024-09-20 12:00:00,False,-0.00016000000000016001,-0.00016000000000016001,0.0,TRADE,,,
GBPUSD_20240920130000_SHORT,GBPUSD,SHORT,1.0,1.33217,2024-09-20 13:00:00,1.33137,2024-09-23 06:00:00,False,0.0008000000000001339,0.0008000000000001339,0.0,TRADE,,,
GBPUSD_20240923070000_LONG,GBPUSD,LONG,1.0,1.3297,2024-09-23 07:00:00,1.33503,2024-09-23 22:00:00,False,0.005329999999999835,0.005329999999999835,0.0,TRADE,,,
GBPUSD_20240924150000_LONG,GBPUSD,LONG,1.0,1.33818,2024-09-24 15:00:00,1.33398,2024-09-25 16:00:00,False,-0.0041999999999999815,-0.0041999999999999815,0.0,TRADE,,,
GBPUSD_20240926010000_SHORT,GBPUSD,SHORT,1.0,1.33261,2024-09-26 01:00:00,1.33818,2024-09-26 20:00:00,False,-0.005569999999999853,-0.005569999999999853,0.0,TRADE,,,
GBPUSD_20240926220000_LONG,GBPUSD,LONG,1.0,1.33818,2024-09-26 22:00:00,1.33774,2024-09-29 22:00:00,False,-0.00043999999999999595,-0.00043999999999999595,0.0,TRADE,,,
GBPUSD_20240930050000_LONG,GBPUSD,LONG,1.0,1.33818,2024-09-30 05:00:00,1.33814,2024-10-01 03:00:00,False,-3.999999999981796e-05,-3.999999999981796e-05,0.0,TRADE,,,
GBPUSD_20241001040000_SHORT,GBPUSD,SHORT,1.0,1.33733,2024-10-01 04:00:00,1.32736,2024-10-02 05:00:00,False,0.009969999999999812,0.009969999999999812,0.0,TRADE,,,
GBPUSD_20241002080000_SHORT,GBPUSD,SHORT,1.0,1.32849,2024-10-02 08:00:00,1.31129,2024-10-03 09:00:00,False,0.017199999999999882,0.017199999999999882,0.0,TRADE,,,
GBPUSD_20241003130000_SHORT,GBPUSD,SHORT,1.0,1.31157,2024-10-03 13:00:00,1.31066,2024-10-04 14:00:00,False,0.0009099999999999664,0.0009099999999999664,0.0,TRADE,,,
GBPUSD_20241004150000_SHORT,GBPUSD,SHORT,1.0,1.31127,2024-10-04 15:00:00,1.30819,2024-10-07 16:00:00,False,0.0030799999999999716,0.0030799999999999716,0.0,TRADE,,,
GBPUSD_20241007170000_SHORT,GBPUSD,SHORT,1.0,1.30906,2024-10-07 17:00:00,1.30906,2024-10-08 18:00:00,False,0.0,0.0,0.0,TRADE,,,
GBPUSD_20241008190000_SHORT,GBPUSD,SHORT,1.0,1.309,2024-10-08 19:00:00,1.30632,2024-10-09 20:00:00,False,0.0026800000000000157,0.0026800000000000157,0.0,TRADE,,,
GBPUSD_20241009220000_SHORT,GBPUSD,SHORT,1.0,1.30697,2024-10-09 22:00:00,1.30563,2024-10-10 23:00:00,False,0.0013399999999998968,0.0013399999999998968,0.0,TRADE,,,
GBPUSD_20241011000000_SHORT,GBPUSD,SHORT,1.0,1.30601,2024-10-11 00:00:00,1.30429,2024-10-14 00:00:00,False,0.0017199999999999438,0.0017199999999999438,0.0,TRADE,,,
GBPUSD_20241014030000_LONG,GBPUSD,LONG,1.0,1.30536,2024-10-14 03:00:00,1.30333,2024-10-14 13:00:00,False,-0.0020299999999999763,-0.0020299999999999763,0.0,TRADE,,,
GBPUSD_20241014140000_SHORT,GBPUSD,SHORT,1.0,1.30492,2024-10-14 14:00:00,1.30929,2024-10-15 15:00:00,False,-0.004369999999999985,-0.004369999999999985,0.0,TRADE,,,
GBPUSD_20241015160000_SHORT,GBPUSD,SHORT,1.0,1.30819,2024-10-15 16:00:00,1.30052,2024-10-16 17:00:00,False,0.007670000000000066,0.007670000000000066,0.0,TRADE,,,
GBPUSD_20241016180000_SHORT,GBPUSD,SHORT,1.0,1.29961,2024-10-16 18:00:00,1.30103,2024-10-17 19:00:00,False,-0.0014199999999999768,-0.0014199999999999768,0.0,TRADE,,,
GBPUSD_20241017200000_SHORT,GBPUSD,SHORT,1.0,1.30126,2024-10-17 20:00:00,1.3048,2024-10-20 21:00:00,False,-0.0035399999999998766,-0.0035399999999998766,0.0,TRADE,,,
GBPUSD_20241020220000_SHORT,GBPUSD,SHORT,1.0,1.30568,2024-10-20 22:00:00,1.29814,2024-10-21 23:00:00,False,0.00753999999999988,0.00753999999999988,0.0,TRADE,,,
GBPUSD_20241022040000_LONG,GBPUSD,LONG,1.0,1.29944,2024-10-22 04:00:00,1.29571,2024-10-22 14:00:00,False,-0.003730000000000011,-0.003730000000000011,0.0,TRADE,,,
GBPUSD_20241022150000_SHORT,GBPUSD,SHORT,1.0,1.29784,2024-10-22 15:00:00,1.29407,2024-10-23 16:00:00,False,0.003770000000000051,0.003770000000000051,0.0,TRADE,,,
GBPUSD_20241023170000_SHORT,GBPUSD,SHORT,1.0,1.29269,2024-10-23 17:00:00,1.29686,2024-10-24 18:00:00,False,-0.004170000000000007,-0.004170000000000007,0.0,TRADE,,,
GBPUSD_20241024190000_SHORT,GBPUSD,SHORT,1.0,1.29699,2024-10-24 19:00:00,1.296,2024-10-25 20:00:00,False,0.0009900000000000464,0.0009900000000000464,0.0,TRADE,,,
GBPUSD_20241027210000_SHORT,GBPUSD,SHORT,1.0,1.29644,2024-10-27 21:00:00,1.297,2024-10-28 22:00:00,False,-0.0005599999999998939,-0.0005599999999998939,0.0,TRADE,,,
GBPUSD_20241028230000_SHORT,GBPUSD,SHORT,1.0,1.29686,2024-10-28 23:00:00,1.30144,2024-10-30 00:00:00,False,-0.0045800000000000285,-0.0045800000000000285,0.0,TRADE,,,
GBPUSD_20241030010000_SHORT,GBPUSD,SHORT,1.0,1.3013,2024-10-30 01:00:00,1.29475,2024-10-31 02:00:00,False,0.006549999999999834,0.006549999999999834,0.0,TRADE,,,
GBPUSD_20241031120000_SHORT,GBPUSD,SHORT,1.0,1.29744,2024-10-31 12:00:00,1.29475,2024-11-01 13:00:00,False,0.002689999999999859,0.002689999999999859,0.0,TRADE,,,
GBPUSD_20241101140000_SHORT,GBPUSD,SHORT,1.0,1.29632,2024-11-01 14:00:00,1.29845,2024-11-04 15:00:00,False,-0.0021300000000001873,-0.0021300000000001873,0.0,TRADE,,,
GBPUSD_20241104160000_SHORT,GBPUSD,SHORT,1.0,1.29683,2024-11-04 16:00:00,1.30187,2024-11-05 17:00:00,False,-0.0050400000000001555,-0.0050400000000001555,0.0,TRADE,,,
GBPUSD_20241105180000_SHORT,GBPUSD,SHORT,1.0,1.3037,2024-11-05 18:00:00,1.29039,2024-11-06 19:00:00,False,0.013310000000000155,0.013310000000000155,0.0,TRADE,,,
GBPUSD_20241106200000_SHORT,GBPUSD,SHORT,1.0,1.28906,2024-11-06 20:00:00,1.29818,2024-11-07 21:00:00,False,-0.009119999999999795,-0.009119999999999795,0.0,TRADE,,,
GBPUSD_20241107230000_SHORT,GBPUSD,SHORT,1.0,1.29852,2024-11-07 23:00:00,1.29154,2024-11-10 23:00:00,False,0.006979999999999986,0.006979999999999986,0.0,TRADE,,,
GBPUSD_20241111000000_SHORT,GBPUSD,SHORT,1.0,1.29116,2024-11-11 00:00:00,1.28643,2024-11-12 01:00:00,False,0.004730000000000123,0.004730000000000123,0.0,TRADE,,,
GBPUSD_20241112100000_SHORT,GBPUSD,SHORT,1.0,1.28208,2024-11-12 10:00:00,1.27382,2024-11-13 11:00:00,False,0.008260000000000156,0.008260000000000156,0.0,TRADE,,,
GBPUSD_20241113120000_SHORT,GBPUSD,SHORT,1.0,1.27565,2024-11-13 12:00:00,1.26653,2024-11-14 13:00:00,False,0.009120000000000017,0.009120000000000017,0.0,TRADE,,,
GBPUSD_20241114140000_SHORT,GBPUSD,SHORT,1.0,1.26709,2024-11-14 14:00:00,1.26309,2024-11-15 15:00:00,False,0.0040000000000000036,0.0040000000000000036,0.0,TRADE,,,
GBPUSD_20241115160000_SHORT,GBPUSD,SHORT,1.0,1.26354,2024-11-15 16:00:00,1.26642,2024-11-18 17:00:00,False,-0.0028799999999999937,-0.0028799999999999937,0.0,TRADE,,,
GBPUSD_20241119120000_SHORT,GBPUSD,SHORT,1.0,1.26341,2024-11-19 12:00:00,1.26717,2024-11-20 13:00:00,False,-0.0037599999999999856,-0.0037599999999999856,0.0,TRADE,,,
GBPUSD_20241120140000_SHORT,GBPUSD,SHORT,1.0,1.26682,2024-11-20 14:00:00,1.26592,2024-11-21 04:00:00,False,0.0009000000000001229,0.0009000000000001229,0.0,TRADE,,,
GBPUSD_20241121050000_LONG,GBPUSD,LONG,1.0,1.26544,2024-11-21 05:00:00,1.26323,2024-11-21 11:00:00,False,-0.0022099999999998232,-0.0022099999999998232,0.0,TRADE,,,
GBPUSD_20241121120000_SHORT,GBPUSD,SHORT,1.0,1.26401,2024-11-21 12:00:00,1.25114,2024-11-22 13:00:00,False,0.012870000000000159,0.012870000000000159,0.0,TRADE,,,
GBPUSD_20241122140000_SHORT,GBPUSD,SHORT,1.0,1.25283,2024-11-22 14:00:00,1.26035,2024-11-25 14:00:00,False,-0.007519999999999971,-0.007519999999999971,0.0,TRADE,,,
GBPUSD_20241125150000_SHORT,GBPUSD,SHORT,1.0,1.25716,2024-11-25 15:00:00,1.2565,2024-11-26 16:00:00,False,0.000660000000000105,0.000660000000000105,0.0,TRADE,,,
GBPUSD_20241126170000_SHORT,GBPUSD,SHORT,1.0,1.25419,2024-11-26 17:00:00,1.26755,2024-11-27 18:00:00,False,-0.013360000000000039,-0.013360000000000039,0.0,TRADE,,,
GBPUSD_20241127190000_SHORT,GBPUSD,SHORT,1.0,1.26768,2024-11-27 19:00:00,1.26902,2024-11-28 20:00:00,False,-0.0013400000000001189,-0.0013400000000001189,0.0,TRADE,,,
GBPUSD_20241129040000_SHORT,GBPUSD,SHORT,1.0,1.27127,2024-11-29 04:00:00,1.26899,2024-12-02 04:00:00,False,0.0022799999999998377,0.0022799999999998377,0.0,TRADE,,,
GBPUSD_20241202080000_SHORT,GBPUSD,SHORT,1.0,1.26809,2024-12-02 08:00:00,1.26926,2024-12-03 09:00:00,False,-0.0011700000000001154,-0.0011700000000001154,0.0,TRADE,,,
GBPUSD_20241203100000_SHORT,GBPUSD,SHORT,1.0,1.26751,2024-12-03 10:00:00,1.26723,2024-12-04 11:00:00,False,0.00027999999999983594,0.00027999999999983594,0.0,TRADE,,,
GBPUSD_20241204120000_SHORT,GBPUSD,SHORT,1.0,1.26777,2024-12-04 12:00:00,1.27283,2024-12-05 13:00:00,False,-0.005059999999999842,-0.005059999999999842,0.0,TRADE,,,
GBPUSD_20241205140000_SHORT,GBPUSD,SHORT,1.0,1.27516,2024-12-05 14:00:00,1.27496,2024-12-06 15:00:00,False,0.00019999999999997797,0.00019999999999997797,0.0,TRADE,,,
GBPUSD_20241206160000_SHORT,GBPUSD,SHORT,1.0,1.27321,2024-12-06 16:00:00,1.27964,2024-12-09 16:00:00,False,-0.006430000000000158,-0.006430000000000158,0.0,TRADE,,,
GBPUSD_20241209170000_SHORT,GBPUSD,SHORT,1.0,1.27805,2024-12-09 17:00:00,1.27476,2024-12-10 18:00:00,False,0.003290000000000015,0.003290000000000015,0.0,TRADE,,,
GBPUSD_20241210190000_SHORT,GBPUSD,SHORT,1.0,1.27665,2024-12-10 19:00:00,1.27466,2024-12-11 20:00:00,False,0.0019900000000001583,0.0019900000000001583,0.0,TRADE,,,
GBPUSD_20241211210000_SHORT,GBPUSD,SHORT,1.0,1.27482,2024-12-11 21:00:00,1.26741,2024-12-12 23:00:00,False,0.007410000000000139,0.007410000000000139,0.0,TRADE,,,
GBPUSD_20241213030000_LONG,GBPUSD,LONG,1.0,1.26628,2024-12-13 03:00:00,1.26415,2024-12-13 10:00:00,False,-0.0021299999999999653,-0.0021299999999999653,0.0,TRADE,,,
GBPUSD_20241213110000_SHORT,GBPUSD,SHORT,1.0,1.26517,2024-12-13 11:00:00,1.26448,2024-12-16 11:00:00,False,0.0006899999999998574,0.0006899999999998574,0.0,TRADE,,,
GBPUSD_20241216120000_SHORT,GBPUSD,SHORT,1.0,1.26493,2024-12-16 12:00:00,1.27005,2024-12-17 13:00:00,False,-0.005119999999999791,-0.005119999999999791,0.0,TRADE,,,
GBPUSD_20241217140000_SHORT,GBPUSD,SHORT,1.0,1.27035,2024-12-17 14:00:00,1.26978,2024-12-18 15:00:00,False,0.0005700000000001815,0.0005700000000001815,0.0,TRADE,,,
GBPUSD_20241218160000_SHORT,GBPUSD,SHORT,1.0,1.26906,2024-12-18 16:00:00,1.2533,2024-12-19 17:00:00,False,0.015759999999999996,0.015759999999999996,0.0,TRADE,,,
GBPUSD_20241219180000_SHORT,GBPUSD,SHORT,1.0,1.2507,2024-12-19 18:00:00,1.25941,2024-12-20 19:00:00,False,-0.008709999999999996,-0.008709999999999996,0.0,TRADE,,,
GBPUSD_20241220200000_SHORT,GBPUSD,SHORT,1.0,1.25975,2024-12-20 20:00:00,1.2537,2024-12-23 20:00:00,False,0.006049999999999889,0.006049999999999889,0.0,TRADE,,,
GBPUSD_20241223210000_SHORT,GBPUSD,SHORT,1.0,1.25345,2024-12-23 21:00:00,1.25398,2024-12-25 23:00:00,False,-0.0005300000000001415,-0.0005300000000001415,0.0,TRADE,,,
GBPUSD_20241226000000_SHORT,GBPUSD,SHORT,1.0,1.25449,2024-12-26 00:00:00,1.2532,2024-12-26 11:00:00,False,0.0012900000000000134,0.0012900000000000134,0.0,TRADE,,,
GBPUSD_20241226120000_LONG,GBPUSD,LONG,1.0,1.25283,2024-12-26 12:00:00,1.25561,2024-12-27 13:00:00,False,0.0027799999999997826,0.0027799999999997826,0.0,TRADE,,,
GBPUSD_20241227140000_SHORT,GBPUSD,SHORT,1.0,1.25713,2024-12-27 14:00:00,1.25564,2024-12-30 15:00:00,False,0.0014899999999999913,0.0014899999999999913,0.0,TRADE,,,
GBPUSD_20241230160000_SHORT,GBPUSD,SHORT,1.0,1.25121,2024-12-30 16:00:00,1.25596,2024-12-31 02:00:00,False,-0.004750000000000032,-0.004750000000000032,0.0,TRADE,,,
GBPUSD_20241231030000_LONG,GBPUSD,LONG,1.0,1.25553,2024-12-31 03:00:00,1.25381,2024-12-31 12:00:00,False,-0.0017199999999999438,-0.0017199999999999438,0.0,TRADE,,,
