timestamp,cash,equity,unrealized_pnl,open_positions,leverage_used,return,peak,drawdown,drawdown_id,year,month
2025-03-31 23:35:29.539855,10000.0,10000.0,0.0,0,0.0,,10000.0,0.0,1,2025,3
2024-01-03 00:00:00.000000,9998.72873,10000.0,0.0,1,0.000127,0.0,10000.0,0.0,2,2024,1
2025-03-31 23:35:29.568441,9998.72873,9996.948571379613,-1.7801586203880837,1,0.00012703876497233352,-0.0003051428620387542,10000.0,-0.00030514286203870143,2,2025,3
2025-03-31 23:35:29.577125,9998.72873,9996.992569030546,-1.736160969455046,1,0.00012703820586346177,4.401108059992609e-06,10000.0,-0.0003007430969453708,2,2025,3
2025-03-31 23:35:29.585410,9998.72873,9997.17643289813,-1.5522971018717304,1,0.00012703586943016806,1.8391918000792984e-05,10000.0,-0.00028235671018701395,2,2025,3
2025-03-31 23:35:29.593658,9998.72873,9997.152813106575,-1.5759168934252459,1,0.00012703616957169956,-2.3626462645198743e-06,10000.0,-0.0002847186893424805,2,2025,3
2025-03-31 23:35:29.601946,9998.72873,9997.289437391051,-1.4392926089489817,1,0.0001270344334785436,1.3666319504279656e-05,10000.0,-0.00027105626089487487,2,2025,3
2025-03-31 23:35:29.610057,9998.72873,9997.142161043717,-1.586568956282726,1,0.00012703630493010915,-1.473162783338644e-05,10000.0,-0.00028578389562826487,2,2025,3
2025-03-31 23:35:29.618656,9998.72873,9997.30194198658,-1.4267880134206348,1,0.0001270342745842521,1.5982661873525927e-05,10000.0,-0.000269805801342045,2,2025,3
2025-03-31 23:35:29.627467,9998.72873,9997.444587002237,-1.2841429977640517,1,0.0001270324620404636,1.4268351249624445e-05,10000.0,-0.0002555412997762687,2,2025,3
2025-03-31 23:35:29.636290,9998.72873,9997.281100994032,-1.4476290059678658,1,0.00012703453940829208,-1.6352779631079173e-05,10000.0,-0.00027188990059676143,2,2025,3
2025-03-31 23:35:29.644928,9998.72873,9997.227840679745,-1.5008893202552263,1,0.00012703521618585503,-5.327479916772404e-06,10000.0,-0.0002772159320255014,2,2025,3
2025-03-31 23:35:29.653343,9998.72873,9997.144939842725,-1.5837901572764213,1,0.00012703626961919188,-8.292382482566474e-06,10000.0,-0.00028550601572751476,2,2025,3
2025-03-31 23:35:29.661802,9998.72873,9996.788327303582,-1.940402696417884,1,0.0001270408013473018,-3.56714383245027e-05,10000.0,-0.0003211672696417736,2,2025,3
2025-03-31 23:35:29.669774,9998.72873,9996.974043703836,-1.7546862961637015,1,0.00012703844127712373,1.8577606544667447e-05,10000.0,-0.0003025956296163713,2,2025,3
2025-03-31 23:35:29.678754,9998.72873,9997.125025116513,-1.6037048834882242,1,0.0001270365226811994,1.510271128202234e-05,10000.0,-0.0002874974883487084,2,2025,3
2025-03-31 23:35:29.688464,9998.72873,9997.062039005703,-1.6666909942976262,1,0.00012703732306999996,-6.30042243665585e-06,10000.0,-0.00029379609942971,2,2025,3
2025-03-31 23:35:29.697256,9998.72873,9997.085658797256,-1.6430712027441003,1,0.00012703702292301785,2.3626732994497246e-06,10000.0,-0.0002914341202744254,2,2025,3
2025-03-31 23:35:29.706425,9998.72873,9997.11715185266,-1.6115781473393993,1,0.00012703662272924794,3.150223623071824e-06,10000.0,-0.00028828481473392457,2,2025,3
2025-03-31 23:35:29.714933,9998.72873,9997.05046067651,-1.6782693234905244,1,0.00012703747020139159,-6.671040774897108e-06,10000.0,-0.00029495393234901714,2,2025,3
2025-03-31 23:35:29.723392,9998.72873,9997.15559190558,-1.573138094418951,1,0.00012703613426085753,1.0516224709045119e-05,10000.0,-0.00028444080944191227,2,2025,3
2025-03-31 23:35:29.732268,9998.72873,9997.105573523468,-1.6231564765322974,1,0.00012703676985901732,-5.003261343006216e-06,10000.0,-0.0002894426476532317,2,2025,3
2025-03-31 23:35:29.741328,9998.72873,9997.072227935392,-1.6565020646078652,1,0.00012703719359465727,-3.335524250469568e-06,10000.0,-0.000292777206460778,2,2025,3
2025-03-31 23:35:29.749937,9998.72873,9997.059723339864,-1.6690066601362017,1,0.00012703735249625103,-1.2508257660748257e-06,10000.0,-0.0002940276660136078,2,2025,3
2025-03-31 23:35:29.758279,9998.72873,9997.142161043717,-1.586568956282726,1,0.00012703630493010915,8.246194994843137e-06,10000.0,-0.00028578389562826487,2,2025,3
2025-03-31 23:35:29.768274,9998.72873,9997.067596603716,-1.6611333962850265,1,0.00012703725244705305,-7.458575540852941e-06,10000.0,-0.00029324033962839166,2,2025,3
2025-03-31 23:35:29.777134,9998.72873,9996.981916967688,-1.7468130323125264,1,0.00012703834122621078,-8.570476812241878e-06,10000.0,-0.00030180830323115517,2,2025,3
2025-03-31 23:35:29.786004,9998.72873,9997.309815250432,-1.4189147495694596,1,0.00012703417453990213,3.279972750447335e-05,10000.0,-0.00026901847495682885,2,2025,3
2025-03-31 23:35:29.794606,9998.72873,9996.773043909048,-1.9556860909525255,1,0.00012704099557144598,-5.369157816481618e-05,10000.0,-0.00032269560909517167,2,2025,3
2025-03-31 23:35:29.803180,9998.72873,9996.704037067058,-2.0246929329422363,1,0.00012704187253027914,-6.9029117383268e-06,10000.0,-0.00032959629329416205,2,2025,3
2025-03-31 23:35:29.812110,9998.72873,9996.321952203692,-2.4067777963080816,1,0.00012704672839393974,-3.822108386419831e-05,10000.0,-0.000367804779630751,2,2025,3
2025-03-31 23:35:29.820468,9998.72873,9996.627156961218,-2.1015730387831226,1,0.00012704284955907623,3.0531705459857506e-05,10000.0,-0.00033728430387818664,2,2025,3
2025-03-31 23:35:29.829229,9998.72873,9996.745255918986,-1.9834740810154936,1,0.00012704134870777508,1.1813880413269473e-05,10000.0,-0.0003254744081013996,2,2025,3
2025-03-31 23:35:29.837518,9998.72873,9996.705426466562,-2.023303533439079,1,0.00012704185487327044,-3.984242011201289e-06,10000.0,-0.00032945735334378697,2,2025,3
2025-03-31 23:35:29.846071,9998.72873,9996.737845788302,-1.9908842116989496,1,0.0001270414428777944,3.243000604502555e-06,10000.0,-0.00032621542116976343,2,2025,3
2025-03-31 23:35:29.854395,9998.72873,9996.792032368925,-1.9366976310761612,1,0.00012704075426275022,5.420426288926805e-06,10000.0,-0.00032079676310750073,2,2025,3
2025-03-31 23:35:29.862823,9998.72873,9996.739698320973,-1.9890316790280829,1,0.00012704141933527648,-5.235084193255801e-06,10000.0,-0.00032603016790271793,2,2025,3
2025-03-31 23:35:29.871659,9998.72873,9996.55953951873,-2.1691904812696863,1,0.00012704370888598162,-1.8021755860408994e-05,10000.0,-0.0003440460481269838,2,2025,3
2025-03-31 23:35:29.880501,9998.72873,9996.45440828966,-2.274321710341259,1,0.00012704504498583418,-1.051674115037926e-05,10000.0,-0.00035455917103408864,2,2025,3
2025-03-31 23:35:29.888926,9998.72873,9996.609557900845,-2.119172099156329,1,0.00012704307321838456,1.5520464041518522e-05,10000.0,-0.0003390442099154825,2,2025,3
2025-03-31 23:35:29.898032,9998.72873,9996.633177692398,-2.0955523076028038,1,0.0001270427730442305,2.3627802423487054e-06,10000.0,-0.00033668223076019783,2,2025,3
2025-03-31 23:35:29.906041,9998.72873,9996.679954142337,-2.0487758576634714,1,0.00012704217858587627,4.679220404257833e-06,10000.0,-0.00033200458576629897,2,2025,3
2025-03-31 23:35:29.914901,9998.72873,9996.556760719724,-2.171969280275981,1,0.00012704374420103464,-1.232343369772515e-05,10000.0,-0.00034432392802755205,2,2025,3
2025-03-31 23:35:29.923677,9998.72873,9996.72395179327,-2.0047782067304336,1,0.00012704161944695694,1.6724866126249793e-05,10000.0,-0.00032760482067296833,2,2025,3
2025-03-31 23:35:29.932225,9998.72873,9996.789716703086,-1.9390132969147365,1,0.0001270407836905909,6.578646177812786e-06,10000.0,-0.00032102832969139853,2,2025,3
2025-03-31 23:35:29.940448,9998.72873,9996.90827879402,-1.8204512059793987,1,0.00012703927700267014,1.1860016494669168e-05,10000.0,-0.0003091721205979411,2,2025,3
2025-03-31 23:35:29.948893,9998.72873,9996.966633573154,-1.7620964268471577,1,0.00012703853544283278,5.837282638365693e-06,10000.0,-0.0003033366426845532,2,2025,3
2025-03-31 23:35:29.957953,9998.72873,9996.94116124893,-1.78756875107155,1,0.00012703885913852248,-2.5480053258419844e-06,10000.0,-0.0003058838751070653,2,2025,3
2025-03-31 23:35:29.966299,9998.72873,9997.000905427565,-1.7278245724361618,1,0.00012703809992759853,5.9762459008183555e-06,10000.0,-0.00029990945724348424,2,2025,3
2025-03-31 23:35:29.974927,9998.72873,9996.980064435018,-1.7486655649833827,1,0.00012703836476758788,-2.0847244832644662e-06,10000.0,-0.0003019935564982006,2,2025,3
2025-03-31 23:35:29.983359,9998.72873,9996.893458532655,-1.8352714673463106,1,0.0001270394653367058,-8.663206468861873e-06,10000.0,-0.00031065414673448686,2,2025,3
2025-03-31 23:35:29.991396,9998.72873,9996.73182505712,-1.9969049428792582,1,0.0001270415193910379,-1.6168370324698422e-05,10000.0,-0.0003268174942879341,2,2025,3
2025-03-31 23:35:30.000134,9998.72873,9996.882343336629,-1.8463866633714998,1,0.00012703960658759899,1.5056748759789684e-05,10000.0,-0.00031176566633712353,2,2025,3
2025-03-31 23:35:30.009032,9998.72873,9996.893921665822,-1.834808334178602,1,0.00012703945945125874,1.1581940044802508e-06,10000.0,-0.00031060783341781644,2,2025,3
2025-03-31 23:35:30.017411,9998.72873,9997.03841921415,-1.690310785851152,1,0.00012703762321840037,1.4454244434469743e-05,10000.0,-0.00029615807858499466,2,2025,3
2025-03-31 23:35:30.026070,9998.72873,9997.075469867566,-1.6532601324338512,1,0.00012703715239801265,3.7061629516443872e-06,10000.0,-0.0002924530132433574,2,2025,3
2025-03-31 23:35:30.034613,9998.72873,9997.246829139622,-1.481900860378862,1,0.00012703497489911412,1.7140940125059956e-05,10000.0,-0.00027531708603783047,2,2025,3
2025-03-31 23:35:30.042733,9998.72873,9997.60807301044,-1.1206569895602376,1,0.0001270303847405755,3.613433548177447e-05,10000.0,-0.0002391926989559579,2,2025,3
2025-03-31 23:35:30.051387,9998.72873,9997.823893066596,-0.9048369334045017,1,0.00012702764257337378,2.158716910871661e-05,10000.0,-0.00021761069334042985,2,2025,3
2025-03-31 23:35:30.060202,9998.72873,9997.79286314436,-0.9358668556414835,1,0.00012702803682617788,-3.103667614912098e-06,10000.0,-0.00022071368556407834,2,2025,3
2025-03-31 23:35:30.068675,9998.72873,9997.62845086982,-1.1002791301807258,1,0.00012703012581843912,-1.6444857058872664e-05,10000.0,-0.0002371549130179119,2,2025,3
2025-03-31 23:35:30.077462,9998.72873,9997.520077708574,-1.2086522914263131,1,0.00012703150282555704,-1.0839886857128e-05,10000.0,-0.0002479922291426192,2,2025,3
2025-03-31 23:35:30.086025,9998.72873,9997.540918701121,-1.1878112988790923,1,0.0001270312380141774,2.0846162234189336e-06,10000.0,-0.00024590812988790277,2,2025,3
2025-03-31 23:35:30.094822,9998.72873,9997.270912064343,-1.457817935657627,1,0.00012703466887822458,-2.700730499360926e-05,10000.0,-0.0002729087935656935,2,2025,3
2025-03-31 23:35:30.103930,9998.72873,9997.225525013906,-1.5032049860938121,1,0.00012703524561113005,-4.5399440343762976e-06,10000.0,-0.0002774474986093992,2,2025,3
2025-03-31 23:35:30.112471,9998.72873,9997.212557285211,-1.5161727147898678,1,0.000127035410392922,-1.2971327557620427e-06,10000.0,-0.00027874427147889946,2,2025,3
2025-03-31 23:35:30.120565,9998.72873,9997.19217942583,-1.5365505741693797,1,0.00012703566933660167,-2.0383541176061115e-06,10000.0,-0.0002807820574169455,2,2025,3
2025-03-31 23:35:30.129158,9998.72873,9997.15003430757,-1.578695692431551,1,0.0001270362048825612,-4.215695517784113e-06,10000.0,-0.00028499656924304873,2,2025,3
2025-03-31 23:35:30.137648,9998.72873,9997.520077708574,-1.2086522914263131,1,0.00012703150282555704,3.7014889216813174e-05,10000.0,-0.0002479922291426192,2,2025,3
2025-03-31 23:35:30.146205,9998.72873,9996.896700464828,-1.8320295351722966,1,0.0001270394241385878,-6.235318748060159e-05,10000.0,-0.0003103299535172482,2,2025,3
2025-03-31 23:35:30.155348,9998.72873,9996.6188205642,-2.109909435802007,1,0.00012704295550286098,-2.7796616185460366e-05,10000.0,-0.0003381179435800732,2,2025,3
2025-03-31 23:35:30.164165,9998.72873,9996.617431164696,-2.111298835305154,1,0.0001270429731601756,-1.3898694439795634e-07,10000.0,-0.00033825688353044823,2,2025,3
2025-03-31 23:35:30.172520,9998.72873,9996.787401037247,-1.9413289627533223,1,0.00012704081311844516,1.7002738548432816e-05,10000.0,-0.00032125989627529634,2,2025,3
2025-03-31 23:35:30.181305,9998.72873,9996.733677589793,-1.9950524102083915,1,0.00012704149584849163,-5.374071218922083e-06,10000.0,-0.00032663224102070674,2,2025,3
2025-03-31 23:35:30.190110,9998.72873,9996.684585474015,-2.04414452598631,1,0.0001270421197289161,-4.910815608494268e-06,10000.0,-0.0003315414525985034,2,2025,3
2025-03-31 23:35:30.199069,9998.72873,9996.713762863581,-2.0149671364201946,1,0.00012704174893132138,2.918706628829426e-06,10000.0,-0.0003286237136419004,2,2025,3
2025-03-31 23:35:30.207213,9998.72873,9996.75035038383,-1.978379616170613,1,0.00012704128396596776,3.6599547728055626e-06,10000.0,-0.00032496496161693356,2,2025,3
2025-03-31 23:35:30.215871,9998.72873,9996.784159105073,-1.9445708949273364,1,0.00012704085431746405,3.381971146243501e-06,10000.0,-0.00032158408949271687,2,2025,3
2025-03-31 23:35:30.224251,9998.72873,9996.360392256613,-2.3683377433876434,1,0.00012704623984783185,-4.239031689745598e-05,10000.0,-0.0003639607743387387,2,2025,3
2025-03-31 23:35:30.232926,9998.72873,9996.493311475748,-2.235418524253092,1,0.00012704455056675412,1.3296761413039704e-05,10000.0,-0.00035066885242522405,2,2025,3
2025-03-31 23:35:30.241490,9998.72873,9996.856407879237,-1.8723221207636116,1,0.00012703993617423797,3.632237747530631e-05,10000.0,-0.000314359212076306,2,2025,3
2025-03-31 23:35:30.250084,9998.72873,9996.790179836255,-1.9385501637470175,1,0.00012704077780502165,-6.624886892514503e-06,10000.0,-0.00032098201637454623,2,2025,3
2025-03-31 23:35:30.258665,9998.72873,9996.748960984327,-1.9797690156737604,1,0.00012704130162281778,-4.1232086686049385e-06,10000.0,-0.00032510390156730864,2,2025,3
2025-03-31 23:35:30.267485,9998.72873,9996.702647667555,-2.026082332445384,1,0.00012704189018729274,-4.632837830920167e-06,10000.0,-0.0003297352332445371,2,2025,3
2025-03-31 23:35:30.276084,9998.72873,9996.875396339114,-1.853333660887247,1,0.00012703969486956674,1.728056516703269e-05,10000.0,-0.0003124603660886351,2,2025,3
2025-03-31 23:35:30.284505,9998.72873,9996.96755983949,-1.7611701605117192,1,0.00012703852367211153,9.21923068175623e-06,10000.0,-0.0003032440160510305,2,2025,3
2025-03-31 23:35:30.293741,9998.72873,9996.314078939842,-2.414651060159257,1,0.000127046828458064,-6.536791239297735e-05,10000.0,-0.00036859210601578523,2,2025,3
2025-03-31 23:35:30.302674,9998.72873,9996.386327714004,-2.342402285995532,1,0.00012704591022848417,7.227541430898654e-06,10000.0,-0.00036136722859955625,2,2025,3
2025-03-31 23:35:30.311112,9998.72873,9995.887533292374,-2.8411967076258584,1,0.0001270522498147492,-4.989747347472484e-05,10000.0,-0.0004112466707625572,2,2025,3
2025-03-31 23:35:30.319658,9998.72873,9995.950519403184,-2.778210596816467,1,0.0001270514492378486,6.3012024296149605e-06,10000.0,-0.0004049480596815556,2,2025,3
2025-03-31 23:35:30.328101,9998.72873,9995.906058619083,-2.822671380917213,1,0.0001270520143499076,-4.4478795704350205e-06,10000.0,-0.00040939413809173856,2,2025,3
2025-03-31 23:35:30.336191,9998.72873,9995.821407138688,-2.9073228613123794,1,0.0001270530903136192,-8.468615040779781e-06,10000.0,-0.00041785928613116994,2,2025,3
2025-03-31 23:35:30.345209,9998.72873,9995.91485814927,-2.8138718507306093,1,0.00012705190250441356,9.349007627834638e-06,10000.0,-0.0004085141850729997,2,2025,3
2025-03-31 23:35:30.353943,9998.72873,9995.852798304797,-2.8759316952045735,1,0.00012705269131367962,-6.2085207160889055e-06,10000.0,-0.0004147201695202966,2,2025,3
2025-03-31 23:35:30.362470,9998.72873,9995.821407138688,-2.9073228613123794,1,0.0001270530903136192,-3.140419005953632e-06,10000.0,-0.00041785928613116994,2,2025,3
2025-03-31 23:35:30.370826,9998.72873,9995.821407138688,-2.9073228613123794,1,0.0001270530903136192,0.0,10000.0,-0.00041785928613116994,2,2025,3
2025-03-31 23:35:30.379370,9998.72873,9995.821407138688,-2.9073228613123794,1,0.0001270530903136192,0.0,10000.0,-0.00041785928613116994,2,2025,3
2025-03-31 23:35:30.387942,9998.72873,9995.931530943308,-2.797199056692821,1,0.00012705169058717543,1.1016984011069653e-05,10000.0,-0.00040684690566922656,2,2025,3
2025-03-31 23:35:30.396824,9998.72873,9995.980623059086,-2.748106940914913,1,0.00012705106661274618,4.911209688263085e-06,10000.0,-0.0004019376940914299,2,2025,3
2025-03-31 23:35:30.405348,9998.72873,9996.176065255862,-2.5526647441386787,1,0.00012704858254890023,1.9552078394990957e-05,10000.0,-0.00038239347441376594,2,2025,3
2025-03-31 23:35:30.414061,9998.72873,9996.08714368766,-2.641586312340192,1,0.0001270497127270425,-8.895558423649419e-06,10000.0,-0.00039128563123395,2,2025,3
2025-03-31 23:35:30.423066,9998.72873,9996.206632044932,-2.522097955069416,1,0.00012704819405480767,1.1953512965012791e-05,10000.0,-0.0003793367955067879,2,2025,3
2025-03-31 23:35:30.431494,9998.72873,9996.401147975372,-2.3275820246286196,1,0.00012704572187533916,1.9458974549024788e-05,10000.0,-0.0003598852024628286,2,2025,3
2025-03-31 23:35:30.440353,9998.72873,9996.108910946543,-2.6198190534575225,1,0.00012704943606699283,-2.9234223847485197e-05,10000.0,-0.0003891089053457108,2,2025,3
2025-03-31 23:35:30.449039,9998.72873,9996.307131942325,-2.421598057675004,1,0.00012704691675006924,1.982981553605434e-05,10000.0,-0.00036928680576747865,2,2025,3
2025-03-31 23:35:30.457741,9998.72873,9996.328899201208,-2.399830798792345,1,0.0001270466401021963,2.1775300214077475e-06,10000.0,-0.0003671100798792395,2,2025,3
2025-03-31 23:35:30.466112,9998.72873,9996.391422178851,-2.3373078211506515,1,0.00012704584548202757,6.254593888810334e-06,10000.0,-0.00036085778211490834,2,2025,3
2025-03-31 23:35:30.474539,9998.72873,9996.351129593259,-2.377600406741966,1,0.00012704635756944195,-4.030713073421843e-06,10000.0,-0.000364887040674148,2,2025,3
2025-03-31 23:35:30.482888,9998.72873,9996.429399098603,-2.2993309013979326,1,0.00012704536282870344,7.829807529668997e-06,10000.0,-0.00035706009013974834,2,2025,3
2025-03-31 23:35:30.491746,9998.72873,9996.140404001948,-2.5883259980528317,1,0.0001270490357950111,-2.890983221270904e-05,10000.0,-0.00038595959980521,2,2025,3
2025-03-31 23:35:30.500610,9998.72873,9996.110763479213,-2.6179665207866663,1,0.00012704941252151232,-2.9651967196064888e-06,10000.0,-0.0003889236520786653,2,2025,3
2025-03-31 23:35:30.509511,9998.72873,9996.261281758721,-2.467448241278908,1,0.00012704749948038162,1.5057684240371572e-05,10000.0,-0.0003738718241278548,2,2025,3
2025-03-31 23:35:30.518565,9998.72873,9996.230251836485,-2.49847816351589,1,0.00012704789385645438,-3.1041527789321677e-06,10000.0,-0.00037697481635150324,2,2025,3
2025-03-31 23:35:30.527091,9998.72873,9996.250629695864,-2.478100304136378,1,0.0001270476348629366,2.0385544214907014e-06,10000.0,-0.00037493703041363916,2,2025,3
2025-03-31 23:35:30.535392,9998.72873,9996.416894503074,-2.3118354969262693,1,0.0001270455217507345,1.6632716942632797e-05,10000.0,-0.0003583105496925782,2,2025,3
2025-03-31 23:35:30.544494,9998.72873,9996.553055654384,-2.1756743456177037,1,0.00012704379128780253,1.3620995677365855e-05,10000.0,-0.000344694434561643,2,2025,3
2025-03-31 23:35:30.553027,9998.72873,9997.014799422595,-1.7139305774046778,1,0.0001270379233682191,4.619029835994937e-05,10000.0,-0.0002985200577404612,2,2025,3
2025-03-31 23:35:30.561624,9998.72873,9996.934677384581,-1.7940526154195782,1,0.00012703894153405233,-8.014596319161349e-06,10000.0,-0.00030653226154190634,2,2025,3
2025-03-31 23:35:30.569767,9998.72873,9997.055092008188,-1.673637991813363,1,0.000127037411348794,1.2045154589079843e-05,10000.0,-0.00029449079918122153,2,2025,3
2025-03-31 23:35:30.578558,9998.72873,9997.095847726947,-1.6328822730543393,1,0.00012703689344828695,4.076772447847432e-06,10000.0,-0.00029041522730531143,2,2025,3
2025-03-31 23:35:30.587323,9998.72873,9997.11529931999,-1.613430680010266,1,0.00012703664626998812,1.9457243722875717e-06,10000.0,-0.00028847006800097007,2,2025,3
2025-03-31 23:35:30.595610,9998.72873,9997.132435247197,-1.5962947528047577,1,0.00012703642851847417,1.7140871835241711e-06,10000.0,-0.0002867564752803446,2,2025,3
2025-03-31 23:35:30.603901,9998.72873,9997.172727832787,-1.5560021672134532,1,0.00012703591651109882,4.030414306521735e-06,10000.0,-0.00028272721672128684,2,2025,3
2025-03-31 23:35:30.612900,9998.72873,9997.043050545826,-1.6856794541739908,1,0.00012703756436566107,-1.2971396062821938e-05,10000.0,-0.00029569494541738093,2,2025,3
2025-03-31 23:35:30.621260,9998.72873,9997.250071071796,-1.478658928204848,1,0.00012703493370390848,2.070817589983065e-05,10000.0,-0.0002749928928204099,2,2025,3
2025-03-31 23:35:30.629779,9998.72873,9997.251923604466,-1.4768063955339916,1,0.00012703491016380299,1.853042244093217e-07,10000.0,-0.00027480763955336444,2,2025,3
2025-03-31 23:35:30.638430,9998.72873,9997.414946479503,-1.3137835204978863,1,0.00012703283866868193,1.6306768728213683e-05,10000.0,-0.00025850535204972403,2,2025,3
2025-03-31 23:35:30.647842,9998.72873,9997.334824441488,-1.3939055585127864,1,0.00012703385675301215,-8.01427553454026e-06,10000.0,-0.00026651755585116915,2,2025,3
2025-03-31 23:35:30.657072,9998.72873,9997.057407674027,-1.6713223259747876,1,0.0001270373819225157,-2.7749072361138438e-05,10000.0,-0.00029425923259732373,2,2025,3
2025-03-31 23:35:30.665539,9998.72873,9997.217651750056,-1.5110782499449873,1,0.00012703534565716704,1.6029124320748878e-05,10000.0,-0.0002782348249944334,2,2025,3
2025-03-31 23:35:30.674383,9998.72873,9997.264428199995,-1.464301800005655,1,0.00012703475126831903,4.678946839753451e-06,10000.0,-0.00027355718000053456,2,2025,3
2025-03-31 23:35:30.682449,9998.72873,9997.285269192542,-1.4434608074584239,1,0.00012703448644339575,2.0846695309995056e-06,10000.0,-0.0002714730807458182,2,2025,3
2025-03-31 23:35:30.690899,9998.72873,9997.613167475285,-1.1155625247153673,1,0.00012703032000994246,3.2798732247263374e-05,10000.0,-0.00023868325247149188,2,2025,3
2025-03-31 23:35:30.699884,9998.72873,9997.402441883974,-1.326288116026223,1,0.00012703299755938133,-2.1077589998808044e-05,10000.0,-0.0002597558116025539,2,2025,3
2025-03-31 23:35:30.708553,9998.72873,9997.5168357764,-1.211894223600327,1,0.00012703154401853755,1.1442361462332684e-05,10000.0,-0.00024831642236003974,2,2025,3
2025-03-31 23:35:30.717156,9998.72873,9997.500162982362,-1.228567017638116,1,0.0001270317558685736,-1.6676935195025777e-06,10000.0,-0.00024998370176381287,2,2025,3
2025-03-31 23:35:30.725440,9998.72873,9997.206073420863,-1.5226565791378854,1,0.0001270354927839783,-2.941630974795384e-05,10000.0,-0.0002793926579137406,2,2025,3
2025-03-31 23:35:30.733812,9998.72873,9997.220430549061,-1.5082994509386927,1,0.00012703531034678305,1.4361140596719224e-06,10000.0,-0.0002779569450938652,2,2025,3
2025-03-31 23:35:30.742786,9998.72873,9997.19634762434,-1.5323823756599273,1,0.00012703561637076314,-2.408962059829989e-06,10000.0,-0.00028036523756600217,2,2025,3
2025-03-31 23:35:30.751375,9998.72873,9997.252849870802,-1.475880129198553,1,0.0001270348983937535,5.651809217077641e-06,10000.0,-0.00027471501291984166,2,2025,3
2025-03-31 23:35:30.759814,9998.72873,9997.523319640748,-1.2054103592522991,1,0.00012703146163260326,2.7054409247107003e-05,10000.0,-0.0002476680359251986,2,2025,3
2025-03-31 23:35:30.768203,9998.72873,9997.339918906333,-1.388811093667916,1,0.00012703379201884062,-1.834461681671229e-05,10000.0,-0.0002660081093667031,2,2025,3
2025-03-31 23:35:30.776806,9998.72873,9997.027304018124,-1.7014259818763413,1,0.00012703776446519724,-3.126980684309277e-05,10000.0,-0.00029726959818763134,2,2025,3
2025-03-31 23:35:30.785729,9998.72873,9996.994421563217,-1.7343084367841897,1,0.00012703818232214355,-3.2892232767478546e-06,10000.0,-0.0003005578436783253,2,2025,3
2025-03-31 23:35:30.794401,9998.72873,9997.142161043717,-1.586568956282726,1,0.00012703630493010915,1.4778389811009873e-05,10000.0,-0.00028578389562826487,2,2025,3
2025-03-31 23:35:30.802772,9998.72873,9997.104184123966,-1.6245458760354448,1,0.00012703678751461252,-3.7987776045911303e-06,10000.0,-0.00028958158760342487,2,2025,3
2025-03-31 23:35:30.811082,9998.72873,9997.154665639246,-1.5740643607543894,1,0.00012703614603113602,5.0496138030986515e-06,10000.0,-0.000284533436075435,2,2025,3
2025-03-31 23:35:30.819758,9998.72873,9996.889290334146,-1.839439665855763,1,0.0001270395183057539,-2.654508347377238e-05,10000.0,-0.0003110709665854301,2,2025,3
2025-03-31 23:35:30.828564,9998.72873,9996.800368765944,-1.9283612340572667,1,0.0001270406483226368,-8.89492377276202e-06,10000.0,-0.00031996312340561416,2,2025,3
2025-03-31 23:35:30.836928,9998.72873,9996.78693790408,-1.9417920959210313,1,0.00012704081900401763,-1.3435160619579278e-06,10000.0,-0.00032130620959196676,2,2025,3
2025-03-31 23:35:30.845125,9998.72873,9997.008315558249,-1.7204144417526956,1,0.0001270380057625351,2.214488070451104e-05,10000.0,-0.0002991684441751204,2,2025,3
2025-03-31 23:35:30.853471,9998.72873,9996.994421563217,-1.7343084367841897,1,0.00012703818232214355,-1.3898152920743811e-06,10000.0,-0.0003005578436783253,2,2025,3
2025-03-31 23:35:30.861722,9998.72873,9996.708668398736,-2.020061601265075,1,0.00012704181367360258,-2.8583907565660205e-05,10000.0,-0.00032913316012636644,2,2025,3
2025-03-31 23:35:30.871195,9998.72873,9996.819820358987,-1.908909641013183,1,0.00012704040112972587,1.1118855609115741e-05,10000.0,-0.0003180179641012728,2,2025,3
2025-03-31 23:35:30.882847,9998.72873,9996.877248871784,-1.8514811282163803,1,0.00012703967132769668,5.74467819047797e-06,10000.0,-0.00031227511282158957,2,2025,3
2025-03-31 23:35:30.897658,9998.72873,9996.837882552529,-1.890847447472257,1,0.00012704017159431282,-3.937861621672312e-06,10000.0,-0.0003162117447471246,2,2025,3
2025-03-31 23:35:30.910950,9998.72873,9996.824914823832,-1.9038151761683126,1,0.0001270403363888844,-1.2971830541941287e-06,10000.0,-0.00031750851761680677,2,2025,3
2025-03-31 23:35:30.922547,9998.72873,9997.029156550796,-1.6995734492054746,1,0.0001270377409240426,2.0430659604775414e-05,10000.0,-0.00029708434492040396,2,2025,3
2025-03-31 23:35:30.932714,9998.72873,9997.306573318258,-1.4221566817434734,1,0.00012703421573461538,2.7749920813224804e-05,10000.0,-0.00026934266817424943,2,2025,3
2025-03-31 23:35:30.970925,9998.72873,9997.338066373663,-1.3906636263387724,1,0.00012703381555853173,3.150154011422046e-06,10000.0,-0.0002661933626337486,2,2025,3
2025-03-31 23:35:30.983744,9998.72873,9997.53304543727,-1.1956845627302675,1,0.00012703133805390217,1.9503097955952953e-05,10000.0,-0.00024669545627293703,2,2025,3
2025-03-31 23:35:30.993864,9998.72873,9997.572411756526,-1.1563182434743913,1,0.000127030837856854,3.9376033142968225e-06,10000.0,-0.00024275882434740198,2,2025,3
2025-03-31 23:35:31.003522,9998.72873,9997.606683610937,-1.1220463890633954,1,0.00012703040239439597,3.428017622653101e-06,10000.0,-0.00023933163890633297,2,2025,3
2025-03-31 23:35:31.015529,9998.72873,9997.483027055157,-1.2457029448436139,1,0.00012703197360406913,-1.2368615779023706e-05,10000.0,-0.0002516972944842564,2,2025,3
2025-03-31 23:35:31.025772,9998.72873,9997.793789410694,-0.9349405893060554,1,0.000127028025057402,3.108405932739089e-05,10000.0,-0.00022062105893055559,2,2025,3
2025-03-31 23:35:31.035533,9998.72873,9998.104088633065,-0.6246413669362056,1,0.00012702408264021522,3.103676960192203e-05,10000.0,-0.00018959113669352517,2,2025,3
2025-03-31 23:35:31.045398,9998.72873,9998.337044616426,-0.39168538357497173,1,0.0001270211230460397,2.330001581274388e-05,10000.0,-0.0001662955383573717,2,2025,3
2025-03-31 23:35:31.055328,9998.72873,9998.301846495679,-0.42688350432139566,1,0.00012702157021245806,-3.520397501177719e-06,10000.0,-0.00016981535043214535,2,2025,3
2025-03-31 23:35:31.064516,9998.72873,9998.31805615655,-0.4106738434513362,1,0.00012702136428016376,1.6212413986860241e-06,10000.0,-0.00016819438434504265,2,2025,3
2025-03-31 23:35:31.074977,9998.72873,9998.35418054363,-0.3745494563694738,1,0.00012702090534773869,3.6130464022843256e-06,10000.0,-0.00016458194563692815,2,2025,3
2025-03-31 23:35:31.086235,9998.72873,9998.497751825624,-0.23097817437745238,1,0.00012701908141831715,1.4359491512294653e-05,10000.0,-0.0001502248174376291,2,2025,3
2025-03-31 23:35:31.099322,9998.72873,9998.215240593316,-0.5134894066843237,1,0.00012702267049060202,-2.825536788830796e-05,10000.0,-0.00017847594066843156,2,2025,3
2025-03-31 23:35:31.112407,9998.72873,9998.080931974679,-0.6477980253220226,1,0.0001270243768420034,-1.3433259377304552e-05,10000.0,-0.00019190680253213942,2,2025,3
2025-03-31 23:35:31.123420,9998.72873,9998.138360487475,-0.5903695125252099,1,0.00012702364722406973,5.743953583436934e-06,10000.0,-0.00018616395125245619,2,2025,3
2025-03-31 23:35:31.136090,9998.72873,9998.154107015178,-0.5746229848228593,1,0.0001270234471690037,1.5749459683078726e-06,10000.0,-0.00018458929848220578,2,2025,3
2025-03-31 23:35:31.154127,9998.72873,9998.003125602503,-0.7256043974983369,1,0.000127025365369994,-1.5100928737354913e-05,10000.0,-0.00019968743974968674,2,2025,3
2025-03-31 23:35:31.168119,9998.72873,9997.985989675297,-0.7427403247038348,1,0.0001270255830835832,-1.713934971947495e-06,10000.0,-0.0002014010324703122,2,2025,3
2025-03-31 23:35:31.179590,9998.72873,9997.808609672062,-0.9201203279391329,1,0.0001270278367572849,-1.7741573494767238e-05,10000.0,-0.00021913903279382793,2,2025,3
2025-03-31 23:35:31.189252,9998.72873,9997.840102727467,-0.888627272534432,1,0.00012702743662138956,3.1499958275116313e-06,10000.0,-0.00021598972725332715,2,2025,3
2025-03-31 23:35:31.200599,9998.72873,9997.837787061628,-0.8909429383730176,1,0.00012702746604306069,-2.3161661066861683e-07,10000.0,-0.00021622129383722495,2,2025,3
2025-03-31 23:35:31.211382,9998.72873,9997.799347008708,-0.9293829912934557,1,0.00012702795444479267,-3.8448366275201096e-06,10000.0,-0.00022006529912923725,2,2025,3
2025-03-31 23:35:31.223895,9998.72873,9997.701162777152,-1.027567222849292,1,0.00012702920194578217,-9.820584325415105e-06,10000.0,-0.00022988372228483059,2,2025,3
2025-03-31 23:35:31.238878,9998.72873,9997.791473744855,-0.9372562551446308,1,0.00012702805447934576,9.033173349992651e-06,10000.0,-0.0002208526255144534,2,2025,3
2025-03-31 23:35:31.251887,9998.72873,9997.181527362975,-1.54720263702685,1,0.00012703580469394525,-6.1008111989835356e-05,10000.0,-0.0002818472637025479,2,2025,3
2025-03-31 23:35:31.263930,9998.72873,9997.578895620874,-1.1498343791263632,1,0.00012703075547183565,3.974802866313354e-05,10000.0,-0.0002421104379125609,2,2025,3
2025-03-31 23:35:31.278904,9998.72873,9997.472838125468,-1.2558918745333647,1,0.0001270321030687717,-1.0608317925098198e-05,10000.0,-0.0002527161874531885,2,2025,3
2025-03-31 23:35:31.292764,9998.72873,9997.471448725964,-1.257281274036512,1,0.0001270321207230698,-1.38975071672931e-07,10000.0,-0.0002528551274035635,2,2025,3
2025-03-31 23:35:31.304293,9998.72873,9997.018967621105,-1.7097623788952254,1,0.00012703787040050098,-4.525955459644404e-05,10000.0,-0.0002981032378895179,2,2025,3
2025-03-31 23:35:31.316202,9998.72873,9997.011557490421,-1.7171725095786816,1,0.00012703796456536376,-7.412340325974043e-07,10000.0,-0.00029884425095788174,2,2025,3
2025-03-31 23:35:31.328866,9998.72873,9997.277395928691,-1.4513340713095992,1,0.00012703458648823698,2.6591790630803303e-05,10000.0,-0.0002722604071308524,2,2025,3
2025-03-31 23:35:31.342017,9998.72873,9997.366317496893,-1.3624125031080854,1,0.00012703345657919017,8.894578461760005e-06,10000.0,-0.0002633682503106684,2,2025,3
2025-03-31 23:35:31.352472,9998.72873,9997.30008945391,-1.4286405460915015,1,0.00012703429812412206,-6.6245489942495794e-06,10000.0,-0.0002699910546090905,2,2025,3
2025-03-31 23:35:31.363235,9998.72873,9997.396421152795,-1.3323088472065419,1,0.00012703307406245246,9.635771460736464e-06,10000.0,-0.00026035788472054266,2,2025,3
2025-03-31 23:35:31.373359,9998.72873,9997.843344659641,-0.8853853403604179,1,0.00012702739543107283,4.470398972089562e-05,10000.0,-0.0002156655340359066,2,2025,3
2025-03-31 23:35:31.384453,9998.72873,9997.651607528205,-1.0771224717949193,1,0.00012702983159001993,-1.9177849144624837e-05,10000.0,-0.00023483924717947958,2,2025,3
2025-03-31 23:35:31.396909,9998.72873,9997.818798601751,-0.9099313982493822,1,0.0001270277073012782,1.672303457933566e-05,10000.0,-0.0002181201398248959,2,2025,3
2025-03-31 23:35:31.408726,9998.72873,9998.184673804248,-0.5440561957535966,1,0.00012702305882861562,3.659550246570831e-05,10000.0,-0.00018153261957522772,2,2025,3
2025-03-31 23:35:31.419993,9998.72873,9998.223113857168,-0.5056161428331485,1,0.00012702257046452853,3.844703231115076e-06,10000.0,-0.00017768861428321542,2,2025,3
2025-03-31 23:35:31.431908,9998.72873,9998.425966184628,-0.3027638153734682,1,0.0001270199933764803,2.028883784155333e-05,10000.0,-0.00015740338153718766,2,2025,3
2025-03-31 23:35:31.442978,9998.72873,9998.616313916558,-0.11241608344211418,1,0.00012701757524512193,1.9037769802388027e-05,10000.0,-0.00013836860834417166,2,2025,3
2025-03-31 23:35:31.453090,9998.72873,9998.915497942904,0.18676794290254617,1,0.00012701377466999093,2.9922542975180377e-05,10000.0,-0.00010845020570959605,2,2025,3
2025-03-31 23:35:31.463058,9998.72873,9998.906235279548,0.17750527954822348,1,0.00012701389233144394,-9.263668002690295e-07,10000.0,-0.00010937647204518726,2,2025,3
2025-03-31 23:35:31.473774,9998.72873,9999.468942078323,0.7402120783233803,1,0.00012700674479379292,5.627683523923288e-05,10000.0,-5.3105792167662e-05,2,2025,3
2025-03-31 23:35:31.484706,9998.72873,9999.44763795261,0.7189079526084408,1,0.00012700701538550512,-2.1305257146275736e-06,10000.0,-5.5236204739048846e-05,2,2025,3
2025-03-31 23:35:31.496618,9998.72873,9999.34621178888,0.6174817888785904,1,0.0001270083036531643,-1.0143176643606644e-05,10000.0,-6.537882111206273e-05,2,2025,3
2025-03-31 23:35:31.514511,9998.72873,9999.648637747398,0.9199077473972643,1,0.00012700446245740197,3.024457320632834e-05,10000.0,-3.513622526024847e-05,2,2025,3
2025-03-31 23:35:31.526637,9998.72873,9999.367979047762,0.6392490477612496,1,0.0001270080271734276,-2.8066856126995887e-05,10000.0,-6.320209522382356e-05,2,2025,3
2025-03-31 23:35:31.541301,9998.72873,9999.235986094964,0.5072560949621363,1,0.0001270097037179715,-1.3200129555634987e-05,10000.0,-7.64013905036336e-05,2,2025,3
2025-03-31 23:35:31.552585,9998.72873,9999.097509277815,0.36877927781500563,1,0.00012701146266666679,-1.3848739777833075e-05,10000.0,-9.024907221846661e-05,2,2025,3
2025-03-31 23:35:31.565076,9998.72873,9999.058606091727,0.3298760917268382,1,0.0001270119568282436,-3.890669738160213e-06,10000.0,-9.413939082733122e-05,2,2025,3
2025-03-31 23:35:31.576765,9998.72873,9999.124371001542,0.39564100154254533,1,0.00012701112146210788,6.577110146732679e-06,10000.0,-8.756289984576142e-05,2,2025,3
2025-03-31 23:35:31.589028,9998.72873,9998.996083114085,0.2673531140851553,1,0.000127012751024548,-1.2829912169998181e-05,10000.0,-0.00010039168859148049,2,2025,3
2025-03-31 23:35:31.600734,9998.72873,9999.12900233322,0.4002723332197067,1,0.00012701106263392093,1.329325644605639e-05,10000.0,-8.709976667796581e-05,2,2025,3
2025-03-31 23:35:31.614159,9998.72873,9999.287393876579,0.5586638765786405,1,0.00012700905074272892,1.5840534042688148e-05,10000.0,-7.126061234212103e-05,2,2025,3
2025-03-31 23:35:31.626291,9998.72873,9999.047027762535,0.31829776253394004,1,0.00012701210390088396,-2.403832439001885e-05,10000.0,-9.529722374645644e-05,2,2025,3
2025-03-31 23:35:31.638929,9998.72873,9999.089636013965,0.3609060139638305,1,0.00012701156267524695,4.261231226543316e-06,10000.0,-9.103639860350086e-05,2,2025,3
2025-03-31 23:35:31.650550,9998.72873,9998.783968123273,0.05523812327114208,1,0.0001270154454830544,-3.0569572012972834e-05,10000.0,-0.00012160318767273566,2,2025,3
2025-03-31 23:35:31.661999,9998.72873,9998.834449638553,0.10571963855220767,1,0.0001270148042150962,5.048765473913974e-06,10000.0,-0.00011655503614474583,2,2025,3
2025-03-31 23:35:31.673489,9998.72873,9998.637618042274,-0.09111195772716396,1,0.00012701730460841176,-1.9685454066720176e-05,10000.0,-0.00013623819577260291,2,2025,3
2025-03-31 23:35:31.689570,9998.72873,9999.077131418437,0.34840141843549377,1,0.00012701172151272745,4.395732628315052e-05,10000.0,-9.228685815633071e-05,2,2025,3
2025-03-31 23:35:31.702329,9998.72873,9999.039617631852,0.31088763185048407,1,0.00012701219802755255,-3.7517248934193503e-06,10000.0,-9.603823681482027e-05,2,2025,3
2025-03-31 23:35:31.715395,9998.72873,9999.10260374266,0.37387374265987594,1,0.00012701139795531647,6.299216046334877e-06,10000.0,-8.973962573400059e-05,2,2025,3
2025-03-31 23:35:31.726327,9998.72873,9999.435133357081,0.706403357080104,1,0.00012700717421161237,3.325594581826685e-05,10000.0,-5.6486664291878694e-05,2,2025,3
2025-03-31 23:35:31.738345,9998.72873,9999.239228027136,0.5104980271361503,1,0.00012700966253915427,-1.9591639660920812e-05,10000.0,-7.607719728639495e-05,2,2025,3
2025-03-31 23:35:31.752655,9998.72873,9999.398082703663,0.6693527036628031,1,0.00012700764480981782,1.588667626650775e-05,10000.0,-6.0191729633697834e-05,2,2025,3
2025-03-31 23:35:31.764256,9998.72873,9999.764421039326,1.035691039326308,1,0.00012700299192328396,3.6636038752924094e-05,10000.0,-2.355789606735925e-05,2,2025,3
2025-03-31 23:35:31.775951,9998.72873,9999.926517648028,1.1977876480269747,1,0.00012700093323272766,1.6210042744546627e-05,10000.0,-7.348235197241592e-06,2,2025,3
2025-03-31 23:35:31.790418,9998.72873,9999.912623652996,1.1838936529954798,1,0.000127001109689303,-1.3894097129485417e-06,10000.0,-8.737634700446507e-06,2,2025,3
2025-03-31 23:35:31.802692,9998.72873,10000.066383864678,1.3376538646772524,1,0.00012699915693051522,1.537615551949756e-05,10000.066383864678,0.0,3,2025,3
2025-03-31 23:35:31.814901,9998.72873,10000.234501204559,1.5057712045582279,1,0.0001269970219045388,1.681162238598155e-05,10000.234501204559,0.0,4,2025,3
2025-03-31 23:35:31.828534,9998.72873,9999.952916238588,1.2241862385867952,1,0.0001270005979665854,-2.815783629239732e-05,10000.234501204559,-2.8157836292445e-05,4,2025,3
2025-03-31 23:35:31.841829,9998.72873,10000.234501204559,1.5057712045582279,1,0.0001269970219045388,2.815862917859846e-05,10000.234501204559,0.0,5,2025,3
2025-03-31 23:35:31.857139,9998.72873,10000.198839950644,1.4701099506440851,1,0.0001269974747828382,-3.5660417673222256e-06,10000.234501204559,-3.56604176733508e-06,5,2025,3
2025-03-31 23:35:31.867757,9998.72873,10000.234501204559,1.5057712045582279,1,0.0001269970219045388,3.566054483927772e-06,10000.234501204559,0.0,6,2025,3
2025-03-31 23:35:31.878641,9998.72873,10000.216439011017,1.487709011017302,1,0.000126997251284053,-1.8061769990751486e-06,10000.234501204559,-1.8061769990800044e-06,6,2025,3
2025-03-31 23:35:31.891190,9998.72873,9999.76164224032,1.0329122403200128,1,0.00012700302721570396,-4.547869273330285e-05,10000.234501204559,-4.728478758985377e-05,6,2025,3
2025-03-31 23:35:31.901456,9998.72873,9999.687540933486,0.9588109334854216,1,0.00012700396835413954,-7.410307313882036e-06,10000.234501204559,-5.469474450892782e-05,6,2025,3
2025-03-31 23:35:31.912325,9998.72873,9999.067405621914,0.3386756219134519,1,0.0001270118450532647,-6.20154688867336e-05,10000.234501204559,-0.00011670682147546173,6,2025,3
2025-03-31 23:35:31.922720,9998.72873,9999.000251312595,0.27152131259460766,1,0.00012701269807781872,-6.716057267652786e-06,10000.234501204559,-0.0001234220949334351,6,2025,3
2025-03-31 23:35:31.931860,9998.72873,9999.030354968498,0.30162496849615095,1,0.00012701231568608447,3.0106665813711686e-06,10000.234501204559,-0.0001204117999349078,6,2025,3
2025-03-31 23:35:31.940750,9998.72873,9998.876594756815,0.14786475681437872,1,0.00012701426884955847,-1.537751224101047e-05,10000.234501204559,-0.00013578746054204556,6,2025,3
2025-03-31 23:35:31.950092,9998.72873,9998.932633870108,0.203903870108044,1,0.00012701355699687756,5.60454094644669e-06,10000.234501204559,-0.00013018368062205153,6,2025,3
2025-03-31 23:35:31.960022,9998.72873,9998.785820655943,0.05709065594200857,1,0.00012701542195017086,-1.4682888618389178e-05,10000.234501204559,-0.00014486465776790674,6,2025,3
2025-03-31 23:35:31.970297,9998.72873,9998.744601804015,0.015871804015265667,1,0.0001270159455588916,-4.122385724336652e-06,10000.234501204559,-0.00014898644630423149,6,2025,3
2025-03-31 23:35:31.980398,9998.72873,9998.771000394576,0.042270394575096404,1,0.00012701561021348352,2.640190505109885e-06,10000.234501204559,-0.00014634664915175793,6,2025,3
2025-03-31 23:35:31.990340,9998.72873,9998.66494289917,-0.0637871008319153,1,0.00012701695748910217,-1.0607053147038137e-05,10000.234501204559,-0.0001569521499921133,6,2025,3
2025-03-31 23:35:32.002744,9998.72873,9998.761737731222,0.03300773122077394,1,0.00012701572787833732,9.68077564400538e-06,10000.234501204559,-0.00014727289376661944,6,2025,3
2025-03-31 23:35:32.012525,9998.72873,9998.763127130725,0.034397130723921254,1,0.00012701571022859535,1.3895715689216104e-07,10000.234501204559,-0.00014713395707432653,6,2025,3
2025-03-31 23:35:32.022289,9998.72873,9998.419945453446,-0.30878454655377685,1,0.0001270200698638892,-3.43224129740749e-05,10000.234501204559,-0.00018145132005593716,6,2025,3
2025-03-31 23:35:32.031262,9998.72873,9998.551475273078,-0.17725472692237276,1,0.0001270183989291623,1.3155060534453256e-05,10000.234501204559,-0.00016829864652457617,6,2025,3
2025-03-31 23:35:32.040405,9998.72873,9998.688562690722,-0.04016730927838941,1,0.00012701665743834644,1.371072779732252e-05,10000.234501204559,-0.00015459022622422552,6,2025,3
2025-03-31 23:35:32.049422,9998.72873,9998.694120288736,-0.03460971126578971,1,0.00012701658683837464,5.558326952037618e-07,10000.234501204559,-0.00015403447945523584,6,2025,3
2025-03-31 23:35:32.058147,9998.72873,9998.3847473327,-0.3439826673002008,1,0.0001270205170228923,-3.0941336169876266e-05,10000.234501204559,-0.0001849710495924473,6,2025,3
2025-03-31 23:35:32.067272,9998.72873,9998.364832606489,-0.3638973935120038,1,0.0001270207700221439,-1.9917943463454435e-06,10000.234501204559,-0.00018696247551446324,6,2025,3
2025-03-31 23:35:32.076232,9998.72873,9998.069816778654,-0.6589132213472119,1,0.00012702451805934577,-2.950640757504175e-05,10000.234501204559,-0.00021646336649846652,6,2025,3
2025-03-31 23:35:32.085184,9998.72873,9998.335192083754,-0.39353791624583834,1,0.00012702114658103589,2.6542653728478527e-05,10000.234501204559,-0.00018992645828216562,6,2025,3
2025-03-31 23:35:32.093784,9998.72873,9998.301383362512,-0.42734663748911494,1,0.0001270215760962477,-3.381435068172678e-06,10000.234501204559,-0.00019330725112638288,6,2025,3
2025-03-31 23:35:32.102640,9998.72873,9998.28332116897,-0.44540883103005124,1,0.00012702180556446916,-1.8065262137323401e-06,10000.234501204559,-0.00019511342812546288,6,2025,3
2025-03-31 23:35:32.111307,9998.72873,9998.361127541148,-0.36760245885372667,1,0.0001270208170918833,7.781973132559017e-06,10000.234501204559,-0.00018733297336033508,6,2025,3
2025-03-31 23:35:32.119831,9998.72873,9998.53294994637,-0.19578005363102835,1,0.00012701863426942172,1.7185056933932685e-05,10000.234501204559,-0.00017015113575429922,6,2025,3
2025-03-31 23:35:32.128729,9998.72873,9998.268964040772,-0.45976595922925445,1,0.00012702198796287763,-2.6402463933372644e-05,10000.234501204559,-0.00019654910727848914,6,2025,3
2025-03-31 23:35:32.143460,9998.72873,9997.973485079769,-0.7552449202321714,1,0.00012702574195613275,-2.9553011832939013e-05,10000.234501204559,-0.00022609631049331738,6,2025,3
2025-03-31 23:35:32.152563,9998.72873,9998.31990868922,-0.4088213107804697,1,0.00012702134074508693,3.4649382694151853e-05,10000.234501204559,-0.00019145476189665983,6,2025,3
2025-03-31 23:35:32.161263,9998.72873,9998.243954849715,-0.48477515028592766,1,0.00012702230569038857,-7.5966602588461996e-06,10000.234501204559,-0.0001990499677386698,6,2025,3
2025-03-31 23:35:32.170919,9998.72873,9998.23886038487,-0.48986961513079785,1,0.0001270223704128542,-5.09535961312757e-07,10000.234501204559,-0.00019955940227683454,6,2025,3
2025-03-31 23:35:32.182522,9998.72873,9998.63854430861,-0.09018569139173582,1,0.00012701729284162442,3.997543260569891e-05,10000.234501204559,-0.00015959194714458685,6,2025,3
2025-03-31 23:35:32.191445,9998.72873,9997.945697089706,-0.7830329102951497,1,0.00012702609500766574,-6.929415598255773e-05,10000.234501204559,-0.00022887504433790191,6,2025,3
2025-03-31 23:35:32.200495,9998.72873,9998.38706299854,-0.3416670014616252,1,0.00012702048760444007,4.4145659739092125e-05,10000.234501204559,-0.00018473948843868645,6,2025,3
2025-03-31 23:35:32.209256,9998.72873,9998.045270720764,-0.6834592792361658,1,0.00012702482991542257,-3.4184741561027465e-05,10000.234501204559,-0.00021891791472800418,6,2025,3
2025-03-31 23:35:32.218380,9998.72873,9998.056849049957,-0.6718809500432573,1,0.00012702468281330877,1.1580592884641305e-06,10000.234501204559,-0.0002177601089593818,6,2025,3
2025-03-31 23:35:32.226925,9998.72873,9997.870206383368,-0.8585236166328781,1,0.00012702705414090488,-1.8667894112534e-05,10000.234501204559,-0.00023642393794926885,6,2025,3
2025-03-31 23:35:32.235213,9998.72873,9997.250071071796,-1.478658928204848,1,0.00012703493370390848,-6.202674157307353e-05,10000.234501204559,-0.00029843601491580276,6,2025,3
2025-03-31 23:35:32.243273,9998.72873,9997.11344678732,-1.6152832126811223,1,0.00012703666981073703,-1.3666186551741788e-05,10000.234501204559,-0.0003120981229853285,6,2025,3
2025-03-31 23:35:32.251320,9998.72873,9996.914299525202,-1.81443047479909,1,0.00012703920049212766,-1.992047636323324e-05,10000.234501204559,-0.0003320123822053059,6,2025,3
2025-03-31 23:35:32.259245,9998.72873,9996.72811999178,-2.0006100082209914,1,0.00012704156647615664,-1.8623700058228998e-05,10000.234501204559,-0.0003506298989645499,6,2025,3
2025-03-31 23:35:32.267217,9998.72873,9996.694311270536,-2.034418729464268,1,0.0001270419961294774,-3.3819786672273366e-06,10000.234501204559,-0.0003540106918089491,6,2025,3
2025-03-31 23:35:32.275182,9998.72873,9996.962928507812,-1.7658014921888907,1,0.0001270385825257397,2.687060631356708e-05,10000.234501204559,-0.00032714959797723744,6,2025,3
2025-03-31 23:35:32.283917,9998.72873,9997.050923809678,-1.6778061903228154,1,0.00012703746431612936,8.802203478763815e-06,10000.234501204559,-0.00031835027413578017,6,2025,3
2025-03-31 23:35:32.292432,9998.72873,9996.860576077746,-1.8681539222541592,1,0.00012703988320484136,-1.9040388348767756e-05,10000.234501204559,-0.000337384600971721,6,2025,3
2025-03-31 23:35:32.301171,9998.72873,9996.550276855376,-2.178453144624009,1,0.00012704382660290136,-3.103966690432003e-05,10000.234501204559,-0.0003684137955704004,6,2025,3
2025-03-31 23:35:32.309719,9998.72873,9996.574359780097,-2.1543702199027637,1,0.00012704352053936378,2.4091235530931954e-06,10000.234501204559,-0.0003660055595716877,6,2025,3
2025-03-31 23:35:32.318656,9998.72873,9996.568802182086,-2.159927817915353,1,0.00012704359116928,-5.559502497254343e-07,10000.234501204559,-0.00036656130634049545,6,2025,3
2025-03-31 23:35:32.327115,9998.72873,9996.31639460568,-2.412335394320681,1,0.00012704679902742286,-2.5249421216622103e-05,10000.234501204559,-0.0003918014720962449,6,2025,3
2025-03-31 23:35:32.335870,9998.72873,9996.495627141587,-2.2331028584145165,1,0.00012704452113716832,1.7929858243004304e-05,10000.234501204559,-0.00037387863879810156,6,2025,3
2025-03-31 23:35:32.344632,9998.72873,9996.953665844458,-1.7750641555432134,1,0.0001270387002331596,4.581992729812967e-05,10000.234501204559,-0.00032807584259209895,6,2025,3
2025-03-31 23:35:32.353438,9998.72873,9997.050923809678,-1.6778061903228154,1,0.00012703746431612936,9.728760227423194e-06,10000.234501204559,-0.00031835027413578017,6,2025,3
2025-03-31 23:35:32.361712,9998.72873,9997.215336084217,-1.5133939157835627,1,0.00012703537508250204,1.64460775273767e-05,10000.234501204559,-0.00030190943222166986,6,2025,3
2025-03-31 23:35:32.370167,9998.72873,9997.057407674027,-1.6713223259747876,1,0.0001270373819225157,-1.5797240019432834e-05,10000.234501204559,-0.00031770190290532254,6,2025,3
2025-03-31 23:35:32.378419,9998.72873,9996.879564537623,-1.8491654623777947,1,0.00012703964190037136,-1.778954837927671e-05,10000.234501204559,-0.000335485799511173,6,2025,3
2025-03-31 23:35:32.387463,9998.72873,9996.96941237216,-1.7593176278408629,1,0.00012703850013067553,8.987587972519862e-06,10000.234501204559,-0.0003265012267467798,6,2025,3
2025-03-31 23:35:32.396039,9998.72873,9997.063428405207,-1.665301594794479,1,0.00012703730541425585,9.404453406691715e-06,10000.234501204559,-0.00031709984390568984,6,2025,3
2025-03-31 23:35:32.404825,9998.72873,9997.345939637513,-1.3827903624875972,1,0.00012703371551490476,2.8259421812171226e-05,10000.234501204559,-0.00028884938315177684,6,2025,3
2025-03-31 23:35:32.413061,9998.72873,9997.253776137137,-1.474953862863125,1,0.00012703488662370622,-9.21879676196724e-06,10000.234501204559,-0.0002980655170699309,6,2025,3
2025-03-31 23:35:32.421827,9998.72873,9997.280174727697,-1.4485552723033044,1,0.00012703455117827502,2.640584219504305e-06,10000.234501204559,-0.00029542571991745734,6,2025,3
2025-03-31 23:35:32.429981,9998.72873,9997.297310654903,-1.4314193450978063,1,0.00012703433343394334,1.7140589148034735e-06,10000.234501204559,-0.0002937121673798453,6,2025,3
2025-03-31 23:35:32.438121,9998.72873,9997.421430343851,-1.3072996561498686,1,0.00012703275628106833,1.2415324371239933e-05,10000.234501204559,-0.0002813004895404099,6,2025,3
2025-03-31 23:35:32.447517,9998.72873,9997.394568620124,-1.3341613798773981,1,0.00012703309760187748,-2.6868651996636572e-06,10000.234501204559,-0.0002839865989235265,6,2025,3
2025-03-31 23:35:32.456332,9998.72873,9996.956444643463,-1.7722853565369086,1,0.00012703866492091073,-4.382381566048199e-05,10000.234501204559,-0.00032779796920769506,6,2025,3
2025-03-31 23:35:32.465019,9998.72873,9996.686901139852,-2.041828860147734,1,0.00012704209030045652,-2.6962556564424922e-05,10000.234501204559,-0.0003547516875008747,6,2025,3
2025-03-31 23:35:32.473388,9998.72873,9996.753129182836,-1.9756008171643182,1,0.0001270412486522825,6.62499922610138e-06,10000.234501204559,-0.00034812903850436926,6,2025,3
2025-03-31 23:35:32.481497,9998.72873,9997.045829344834,-1.6829006551676857,1,0.00012703752905404364,2.927952288267477e-05,10000.234501204559,-0.0003188597086739449,6,2025,3
2025-03-31 23:35:32.489999,9998.72873,9997.112057387816,-1.6166726121842798,1,0.00012703668746630447,6.6247613657033355e-06,10000.234501204559,-0.0003122370596776214,6,2025,3
2025-03-31 23:35:32.498177,9998.72873,9996.495164008418,-2.2335659915822355,1,0.0001270445270230844,-6.170715861308906e-05,10000.234501204559,-0.0003739249510289265,6,2025,3
2025-03-31 23:35:32.506772,9998.72873,9996.145035333626,-2.5836946663756604,1,0.00012704897693169707,-3.5025143217515264e-05,10000.234501204559,-0.00040893699747145584,6,2025,3
2025-03-31 23:35:32.514998,9998.72873,9996.461355287176,-2.2673747128255126,1,0.00012704495669643048,3.1644194079971655e-05,10000.234501204559,-0.0003773057438731437,6,2025,3
2025-03-31 23:35:32.523743,9998.72873,9996.496553407922,-2.232176592079078,1,0.00012704450936533782,3.52105805201397e-06,10000.234501204559,-0.0003737860143366336,6,2025,3
2025-03-31 23:35:32.531831,9998.72873,9996.297406145804,-2.4313238541970454,1,0.00012704704035908273,-1.9921705674885715e-05,10000.234501204559,-0.000393700273556611,6,2025,3
2025-03-31 23:35:32.540320,9998.72873,9996.37521251798,-2.353517482020721,1,0.00012704605149370946,7.783519138548911e-06,10000.234501204559,-0.0003859198187916651,6,2025,3
2025-03-31 23:35:32.548683,9998.72873,9996.358539723942,-2.3701902760584996,1,0.0001270462633921364,-1.6678839762640507e-06,10000.234501204559,-0.0003875870590984522,6,2025,3
2025-03-31 23:35:32.557720,9998.72873,9996.274249487418,-2.4544805125828524,1,0.00012704733466722585,-8.432094166010984e-06,10000.234501204559,-0.00039601588509385573,6,2025,3
2025-03-31 23:35:32.566583,9998.72873,9996.515541867799,-2.2131881322027134,1,0.0001270442680432933,2.4138231340842253e-05,10000.234501204559,-0.00037188721287608563,6,2025,3
2025-03-31 23:35:32.575163,9998.72873,9996.493311475748,-2.235418524253092,1,0.00012704455056675412,-2.2238140837682607e-06,10000.234501204559,-0.0003741101999518624,6,2025,3
2025-03-31 23:35:32.583786,9998.72873,9996.366876120961,-2.3618538790396153,1,0.00012704615744283458,-1.2647970728085767e-05,10000.234501204559,-0.0003867534389450586,6,2025,3
